"","Broadleaved woodland","Coniferous Woodland","Arable and Horticulture","Improved Grassland","Neutral Grassland","Calcareous Grassland","Acid grassland","Fen, Marsh and Swamp","Freshwater","Mountain_Heath_Bog","UrbanSuburban","MEM1","MEM2","MEM3","MEM4","MEM5","MEM6","MEM7","MEM8","MEM9","MEM10"
"SD80",9.26,0.01,4.78,32.1,0,0,0,0.02,1.03,0.09,52.84,-0.322720028339492,-5.53769602868957e-05,-0.176149361709836,0.988623282526438,-1.21617977334855,-1.27145606834759,-1.14376581082227,-0.856748288201382,-0.377887996931735,-0.597026923352583
"SD81",8.82,0.04,1.26,31.51,0.11,0,17.69,0,1.16,14.37,25.3,-0.321387835230377,-5.67126452875721e-05,-0.17060309556617,0.893081990632536,-1.10239350058454,-1.15333939003151,-1.03776575351773,-0.777456894042756,-0.342929505176961,-0.543241057860347
"SD82",5.05,0.36,0.08,18.48,0.59,0,51.15,0,0.64,16.91,6.92,-0.318995469021948,-5.70425518899247e-05,-0.163019035792624,0.792508627249301,-0.981216810761806,-1.02723471976523,-0.92449777026387,-0.692687801756019,-0.305549908911575,-0.485168588708297
"SD83",6.97,0.39,1.74,60.21,0.07,0.05,3.76,0,0.68,3.15,23.07,-0.314700235840552,-5.64443649018018e-05,-0.153004927952909,0.687492936592058,-0.853471599749208,-0.894019451947741,-0.804757809302937,-0.603039442537387,-0.266013656201679,-0.423262560389087
"SD84",3.94,0.28,0.21,75.46,0.02,0.01,8.7,0,0.96,6.23,4.37,-0.306989572770839,-5.4776987365137e-05,-0.140042943923622,0.57865108553019,-0.720024785509276,-0.754620948237327,-0.679387743507887,-0.509145026809974,-0.224600600020562,-0.358006161586406
"SD85",3.98,0.06,1.19,90.52,0,1.11,2.33,0.14,0.11,0.02,0.67,-0.293148583771295,-5.16472847415629e-05,-0.123462929995352,0.466622060011879,-0.581782442775592,-0.610010101286907,-0.549269469032705,-0.411668085069754,-0.18160402325513,-0.289908964455643
"SD86",1.88,0.72,0.41,22.79,0,35.9,20.78,0.05,0.64,15.44,1.48,-0.26830432582197,-4.63174177902318e-05,-0.102407785665196,0.352063923478813,-0.439683666092732,-0.461194589098132,-0.415318716796796,-0.311297790230474,-0.137328566730664,-0.219502954611625
"SD87",0.13,6.26,0.05,7.43,0.2,17.63,19.63,0,0.05,48.65,0.13,-0.223710415200058,-3.75309222543518e-05,-0.0757891850546575,0.235649959121598,-0.294694202683467,-0.309211866748802,-0.278478620125692,-0.208744094364313,-0.0920880748568943,-0.147338382683835
"SD88",0.43,9.86,0.02,7.47,0.31,9.95,45.57,0,0,26.29,0.19,-0.14366810453453,-2.32165410598374e-05,-0.0422313541220884,0.118064718545157,-0.147799898231516,-0.155121944144022,-0.139713083646869,-0.104732714092866,-0.0462033741022698,-0.0739794697324128
"SD90",10.76,0,1.13,35.03,0.17,0.01,10.09,0,0.44,5.12,37.52,-0.322720430497002,-5.21028430265551e-05,-0.174150175499237,0.789060638246774,-0.176552778729956,0.66067703445383,1.29934125140389,1.39020478468396,0.728745463499404,-1.04996425098909
"SD91",4.12,0.04,1.54,25.69,0.21,0,19.5,0,2.84,32.93,13.19,-0.32138829731305,-5.46890747006056e-05,-0.169025618668186,0.712624564947394,-0.159673790608546,0.599627439354721,1.17926217628809,1.26177041874377,0.66144452641496,-0.955240660345713
"SD92",12.06,0.04,0,24.34,0.33,0.01,23.41,0,1.02,35.7,3.24,-0.318995960437899,-5.57924687474896e-05,-0.16178162927451,0.632216306374582,-0.141809901892855,0.534347408552454,1.05084373497601,1.12439188215341,0.589446324463195,-0.853010553743022
"SD93",1.34,0.13,0,17.57,0,0,13.88,0,1.61,65.26,0.33,-0.314700734432574,-5.56730489306154e-05,-0.152043535297861,0.548307405420093,-0.12308228992638,0.465291168209355,0.914988401219402,0.979039072030577,0.513260255959195,-0.744071518859368
"SD94",2.6,1.42,0.91,68.36,0.25,2.09,7.97,0.04,0.19,14.22,2.1,-0.306990058435175,-5.43025804998256e-05,-0.139307780909149,0.461390233978555,-0.103618059005009,0.392939479085948,0.772651422438281,0.826738730168685,0.433425635331718,-0.629273905461986
"SD95",5.35,1.78,0.76,72.46,0,4.73,3.59,0,0.14,7.61,3.69,-0.29314903401644,-5.1357920967747e-05,-0.122915912945639,0.371975112993925,-0.0835493799303729,0.317796300132879,0.624834123776287,0.668567212555335,0.350507887025013,-0.509514206595242
"SD96",2.3,0.14,0.16,22.13,0.01,57.92,3.18,0,0.16,13.71,0.42,-0.268304712711928,-4.61448533139705e-05,-0.102020565203564,0.280587323872491,-0.063012594316898,0.240385287258362,0.472576881568542,0.505642901333103,0.265094550843503,-0.385728073632607
"SD97",2.05,0.02,0.06,8.35,0.5,44.57,16.29,0,0,28.18,0.2,-0.223710704447725,-3.74344497422418e-05,-0.0755416838288812,0.187764028718043,-0.0421472897094699,0.161246151534136,0.3169518154066,0.339118312564871,0.177791126891816,-0.258883019491795
"SD98",1.05,0.42,0.11,17.28,0.38,33.73,18.92,0.22,0.3,27.61,0.03,-0.143668259791276,-2.31733962797156e-05,-0.0421107330790758,0.0940511174094225,-0.0210953517755071,0.0809309021167845,0.159055250034395,0.170171955390991,0.0892167894384108,-0.129970866817544
"SE00",1.36,0.45,0.01,5.1,0.25,1.2,24.26,0,1.29,65.5,0.74,-0.322720319631112,-5.13910790759716e-05,-0.177783442547305,-0.49972173097046,1.38937582691815,1.09206907926042,-0.17348342676813,-1.298535988103,-0.978242038582613,-1.18658285508389
"SE01",8.67,0.13,0.19,28.89,0.2,13.11,21.6,0,2.12,20.21,5.02,-0.321388238305525,-5.42491575986256e-05,-0.17189296132451,-0.452786385270347,1.26029225564447,0.991017102165765,-0.157272102660406,-1.17840409380655,-0.887808325396218,-1.07951101037104
"SE02",15.81,0.07,0.42,42.34,0.06,2.64,12.02,0,0.21,8.74,17.82,-0.318995930277345,-5.55206944906781e-05,-0.164031253902946,-0.402974916409287,1.12254430865331,0.883006486548212,-0.139990919526021,-1.04995834762142,-0.791091427076156,-0.963961526794161
"SE03",5.37,0.53,0.2,46,0,1.66,17.18,0,1.27,22.83,5.14,-0.314700720242002,-5.55053510327207e-05,-0.153791716076094,-0.350579420230645,0.977066338830079,0.768788785308999,-0.121761324856429,-0.914105583580982,-0.688775632150701,-0.840835909254399
"SE04",6.7,1.74,2.02,61.47,0.02,2.45,6.93,0.1,0.2,6.45,12.09,-0.306990052955158,-5.41994269628914e-05,-0.140644871428206,-0.295907338389994,0.824845675385977,0.649159169424574,-0.10271149904635,-0.771805439369162,-0.58158522646086,-0.711095245249426
"SE05",5.47,1.55,0.77,42.54,0,7.84,2.32,0,0.8,38.02,0.89,-0.29314903307997,-5.12949950839716e-05,-0.123911017598885,-0.239279661912405,0.666915944703716,0.524950909397995,-0.0829754566670895,-0.624063598181917,-0.47027938154664,-0.575752724086508
"SE06",1.1,0,0.22,16.98,0,16.95,6.68,0.01,1.45,56.23,0.42,-0.268304713833606,-4.61073213381316e-05,-0.102725111956844,-0.1810290531381,0.504350070172518,0.397029585976102,-0.0626921058379039,-0.471924698707627,-0.35564679107803,-0.435865742673178
"SE07",0.66,0.06,0.04,4.14,0.03,9.48,16.15,0,1.06,68.41,0.03,-0.223710706051895,-3.74134640755211e-05,-0.0759920831498896,-0.121497897008358,0.338252998297647,0.266287070253243,-0.0420042722820934,-0.316464963088749,-0.238500093132136,-0.292527659253841
"SE08",4.85,1.07,1.12,37.28,0.41,11.16,20.51,0,0,23.17,0.48,-0.143668260846176,-2.31640098214738e-05,-0.0423302605501118,-0.0610362930770086,0.169754200297878,0.133635314946341,-0.0210576949123816,-0.158784594790395,-0.119670117687577,-0.146859259288606
"SE10",5.55,2.47,0.62,28.73,0.01,1.31,27.72,0,1.78,28.89,3.12,-0.322719711304418,-5.34676687820847e-05,-0.184524383745248,-1.31492871133687,0.5570067275631,-1.06919074964982,-0.926372199716023,0.843029524791236,1.22364137485813,-0.973586923442988
"SE11",21.45,0.02,4.22,43.11,0.08,0.21,0.2,0,0.16,0.82,29.87,-0.321387666877089,-5.55325781285937e-05,-0.177212584277169,-1.1899537950116,0.505508599926845,-0.969830271096582,-0.840489466531203,0.765178531710389,1.11060741741194,-0.88576507539581
"SE12",13.86,0.04,7.62,47.3,0.21,0.01,0.59,0.18,0.37,0.76,29.09,-0.318995383368648,-5.63135246153344e-05,-0.168204623621017,-1.05777163033152,0.45047547088619,-0.863760827355018,-0.7487275000147,0.681895932591755,0.989693362811016,-0.790980143508071
"SE13",12.46,0.26,1.62,30.74,0.11,0,0.98,0.01,0.25,1.05,52.6,-0.314700195956571,-5.59945202114375e-05,-0.157034639736461,-0.919157288413565,0.392280603281654,-0.751720416653724,-0.651731124925237,0.593769664151438,0.861754637521533,-0.689971582576356
"SE14",11,0.1,3.26,52.31,0.06,0.03,3.73,0,0.74,16.96,11.96,-0.306989557824637,-5.45002813842477e-05,-0.143125054446459,-0.774924057753123,0.331318921272278,-0.634488996863593,-0.550182309607856,0.50142218611374,0.727696842622799,-0.583527787024517
"SE15",5.27,2.41,0.74,39.62,0.05,2.02,1.1,0.15,1.91,46.5,0.43,-0.293148581788284,-5.14784883704735e-05,-0.125756732167013,-0.625918690391061,0.268004339157791,-0.512883072223719,-0.444795385495734,0.405506097973463,0.588469362948848,-0.472479954577536
"SE16",5.58,0.98,0.9,33.03,0.03,9.26,2.43,0,1.09,45.99,0.83,-0.268304329637416,-4.62167398062826e-05,-0.104031826234994,-0.47301644624046,0.202766958616924,-0.387750020316416,-0.336312034398693,0.306699538597421,0.445058660092481,-0.357695610359134
"SE17",3.33,2.83,0.52,21.82,0,5.76,4.05,0,0.97,60.68,0.09,-0.223710420246058,-3.74746291533081e-05,-0.0768273938041729,-0.31711596448964,0.136050153290625,-0.259962198612253,-0.225496078670031,0.20570140101633,0.298481296539628,-0.240071841754649
"SE18",6.09,1.87,19.02,42.79,0.03,4.83,0.44,0,0.18,24.03,0.85,-0.143668107798406,-2.31913623402452e-05,-0.0427373835515216,-0.159133992061742,0.0683075604314661,-0.130410871496984,-0.11312811077943,0.103226396109617,0.149776740172082,-0.120528296703611
"SE20",12.73,1.24,14.09,57.77,0.23,0,4.88,0,0.97,2.01,6.22,-0.322718617346104,-5.7673146936599e-05,-0.189687457142942,-0.66889116382325,-1.11493349351514,-0.3574140456494,1.39444564996887,0.0370592634619664,-1.32111799965588,-0.462887255787772
"SE21",12.18,0.28,24.88,48.32,0.1,0,0,0.21,0.57,0.39,13.16,-0.32138658967975,-5.81317375513875e-05,-0.181286688112809,-0.605758391830698,-1.01058104788367,-0.324055638636027,1.26555893209742,0.0337190892406582,-1.198994090399,-0.421224295237502
"SE22",5.31,0,24.4,22.83,0.69,0,0,0.03,0.32,1.43,45.1,-0.318994323478,-5.79191469025064e-05,-0.171400556694914,-0.538851655120997,-0.899463204361432,-0.288489670175202,1.12772754114078,0.0301201362950121,-1.06838355688754,-0.376228649913824
"SE23",16.08,0.1,5.76,28.27,1.23,0,0,0.07,0.16,0.35,48.08,-0.31469916373166,-5.69851736021617e-05,-0.159517796100118,-0.468563199834273,-0.782333524620121,-0.250963563302841,0.981919896162262,0.0262878070300606,-0.93021029541779,-0.328251302811653
"SE24",9.05,0.48,11.98,67.29,0,0.02,0.14,0,1.45,0.37,9.33,-0.306988574296066,-5.51095637109834e-05,-0.145023971724874,-0.395305350054796,-0.659986765610882,-0.211738513872183,0.82916099443047,0.0222491655310872,-0.785452206631012,-0.277666676797646
"SE25",5.21,2.59,4.46,75.49,0.02,0.03,2.22,0.64,0.35,1.26,7.82,-0.293147680881597,-5.18500938283222e-05,-0.127169733273611,-0.319508098467505,-0.533253502888632,-0.171087677711728,0.670525227443425,0.0180327471020036,-0.635134294915385,-0.224869720697997
"SE26",10.34,2.79,13.89,67.93,0.01,0.16,0.04,0,0.28,3.24,1.51,-0.268303560563613,-4.64383309857133e-05,-0.105032097731903,-0.24161659060048,-0.402994505548719,-0.129294272777064,0.507128842772128,0.0136683572274709,-0.480321427809262,-0.170272832621401
"SE27",11.99,1.43,36.23,45.21,0,0.25,0.29,0.06,0.66,2.06,2.13,-0.223709847281458,-3.75984989671304e-05,-0.0774667632424707,-0.162088517327672,-0.270094900782161,-0.0866496094526583,0.34012210448819,0.00918686137129663,-0.322110806434567,-0.114302644432298
"SE28",5.93,0.15,59.73,29.98,0.03,0,0,0,0.1,0.51,3.72,-0.143667800763088,-2.32467559205551e-05,-0.0430489907613892,-0.0813914308691081,-0.13545816753831,-0.043451062678419,0.170681207133678,0.00461996709040566,-0.16162420010547,-0.0573966924038648
"SE30",11.55,0.42,32.65,22.95,0.5,0,0,0.07,0.53,1.31,30.24,-0.32271704429711,-6.26720157948429e-05,-0.189682869399928,0.653300750705558,-0.511873611255115,1.40989315839245,-0.481143788457777,-0.776752101129733,1.34970419339308,0.221646578854565
"SE31",7.96,0.57,51.76,13.42,1.34,0,0,0.04,2.35,1.61,21.12,-0.321385010482004,-6.12212018621373e-05,-0.181282256755414,0.589854133166214,-0.463733736347778,1.27935558117556,-0.436457735285035,-0.704849771186866,1.2250097959595,0.201433326788351
"SE32",4.44,0,44,6.57,4.47,0,0,2.19,3.01,2.82,32.6,-0.318992752826853,-5.98276149219288e-05,-0.171396373621866,0.523158848693362,-0.41254438169027,1.13985401171852,-0.388737892329626,-0.627985273740539,1.09162814465128,0.179688427917033
"SE33",6.58,0.07,27.9,14.6,4.59,0,0,0.67,0.61,1.32,43.99,-0.314697624921555,-5.81626457247535e-05,-0.159513953669638,0.453605823128855,-0.358652620833959,0.99235870400157,-0.338319475413019,-0.546701046417935,0.950502536663366,0.15658147115849
"SE34",10.49,0.01,37.65,45.34,0.17,0.12,0,0.01,0.7,0.1,5.53,-0.306987103231053,-5.58337157858797e-05,-0.14502056313543,0.381602970374554,-0.302424040723299,0.837896039459387,-0.285556837530615,-0.461571009291967,0.80263154393308,0.132292752596972
"SE35",6.62,0.11,43.49,33.87,0.14,0.03,0,0,0.7,0.03,15.09,-0.293146330931169,-5.22917350319939e-05,-0.127166851575839,0.307572807008059,-0.244240268488437,0.677541405552834,-0.230820985328739,-0.373196524100812,0.649061967664635,0.107011872182788
"SE36",3.5,0,64.23,27.92,0.38,0,0,0.35,0.65,0.02,3.1,-0.268302406997119,-4.67016673842421e-05,-0.10502983306075,0.23194997862114,-0.184496387019547,0.512411726499303,-0.174496976186032,-0.282202155897757,0.490881444951215,0.0809362566298326
"SE37",3.07,0.12,74.08,17.12,0,0,0,0,0.09,0,5.59,-0.223708987403649,-3.77456940209585e-05,-0.0774651976612357,0.155178712329961,-0.123598256787148,0.343657697923338,-0.116981214121138,-0.189231266937306,0.329210759597267,0.0542696199962076
"SE38",2.24,0.15,71.56,22.06,0,0,0,0,0.02,0,4.06,-0.143667339861314,-2.33125767247482e-05,-0.04304818985251,0.0777102103627311,-0.0619597620336652,0.172455779322106,-0.0586786634850487,-0.0949414738292658,0.165195911408522,0.027220373933782
"SE40",6.57,0.06,59.92,9.04,0.44,0.12,0,0.09,1.07,2.1,20.77,-0.322714992577089,-6.68768658155564e-05,-0.184511247089924,1.04941520401295,1.22749458177942,-0.198143457946717,-0.671870915065285,1.28728895254862,-1.15429531363566,0.915312094808078
"SE41",3.17,0.03,73.28,6.16,1.63,0,0.01,0.08,0.26,1.01,14.45,-0.321382929704667,-6.38198433050421e-05,-0.177199828374865,0.948038819224783,1.11347960565374,-0.179552469059041,-0.609529150998145,1.16834721653424,-1.04757392464241,0.832388576468348
"SE42",3.86,0,51.59,3.7,3.5,0,0,3.11,3.29,3.14,27.99,-0.318990671833322,-6.14327996169218e-05,-0.168192529624381,0.841312471950727,0.991804475412829,-0.159761671631903,-0.542937221970296,1.04112892243911,-0.933443176453132,0.743006978137921
"SE43",10.45,0.04,71.43,6.68,2.97,0.11,0,0.12,0.03,0.44,7.9,-0.314695579935443,-5.91529233448484e-05,-0.15702349036188,0.729861503777185,0.863293911740419,-0.138908676597884,-0.472562779710899,0.906531600501698,-0.812709992927136,0.647864204036622
"SE44",8.43,0.01,65.87,16.45,0.51,0.09,0,0,0.15,0.05,8.59,-0.306985145020255,-5.64426746593979e-05,-0.143115134649492,0.614339311131168,0.728819412894285,-0.117138552449802,-0.39890028421807,0.765505310879188,-0.686228400130235,0.547702417843102
"SE45",3.1,0.03,73.14,21.69,0,0,0,0,0.09,0.06,2.08,-0.29314453229495,-5.26630673444079e-05,-0.125748325861457,0.495423525810265,0.589293361740295,-0.0946028185843066,-0.32246753895171,0.619045955998219,-0.554893501643472,0.443303267786306
"SE46",2.48,0.17,72.86,21.6,0,0,0,0.06,0.11,0,2.86,-0.26830086924331,-4.69230399407307e-05,-0.104025207781801,0.373812049301577,0.445662849891386,-0.0714583928374429,-0.243802058815872,0.468188263168195,-0.419635157770387,0.33548179887545
"SE47",2.54,1.01,77.8,16.71,0,0,0,0,0.02,0,2.02,-0.223707840839904,-3.78694086502649e-05,-0.076822812416165,0.250218964046893,0.298903260664734,-0.0478665005085218,-0.163457296355073,0.313998486801538,-0.281411413185963,0.225080099593389
"SE48",5.04,4.87,40.2,44.82,0,0.46,0,0,0.08,1.55,3.11,-0.143666725214798,-2.33678893696392e-05,-0.0427350379992543,0.125370345569875,0.150011654264666,-0.0239915524467199,-0.0819987526195396,0.157566881631156,-0.141201719409956,0.11296073250785
"SE50",6.97,0.08,55.62,4.18,4.91,0.02,0.03,0.56,1.11,1.89,24.64,-0.322712456484005,-6.89524865514049e-05,-0.177762599025291,0.0437530080674609,0.874623506133584,-1.12408773360633,1.35726136641791,-1.09903874204705,0.829410451366117,1.45328197785305
"SE51",5.33,0.02,76.67,6.99,4.48,0.12,0.01,0.41,0.29,0.48,5.37,-0.321380344420657,-6.51024195880587e-05,-0.171872626120788,0.0386620658549969,0.793498735052078,-1.01961018136868,1.23178830542988,-0.99732203534219,0.75278659988207,1.3217125314181
"SE52",2.12,0.32,81.98,3.41,2.57,0.05,0.12,0.39,1.09,1.53,6.56,-0.318988079112022,-6.22248818580241e-05,-0.164011894663757,0.0335596877252859,0.706888673555493,-0.908085127543401,1.09761698686246,-0.888580998899055,0.670824747109619,1.17986794776341
"SE53",3.72,0.92,80.17,8.14,2.38,0,0,0.15,0.51,0,4.16,-0.314693028237253,-5.96414250460845e-05,-0.153773806208998,0.028475765969578,0.615380151080288,-0.790287746636168,0.955689307633721,-0.773582534576258,0.584104171402563,1.02885382748638
"SE54",2.6,0.01,62.26,25.71,1.45,0,0,0,0.71,0,7.4,-0.306982699583244,-5.67429372573303e-05,-0.140628889694493,0.0234400985823948,0.519593493350766,-0.667037204159484,0.80700209255283,-0.653138061510406,0.493238076083505,0.869847762319796
"SE55",1.24,0.7,47.26,32.99,0.73,0,0,0,0.22,0,16.96,-0.293142285117462,-5.28460499366291e-05,-0.123897441554507,0.018482214164584,0.420178328855519,-0.539190974695695,0.652600111354107,-0.528097805413978,0.398869264619199,0.704090173988295
"SE56",1.71,0.53,67.76,27.32,0,0,0,0,0.02,0,2.8,-0.268298947527905,-4.70320434894628e-05,-0.102714403009042,0.0136311982464573,0.317809192800872,-0.407638888442071,0.493568752744533,-0.399344808977359,0.301665602648832,0.532874655662492
"SE57",8.22,2.95,48.21,38.79,0.09,0.45,0,0.19,0.13,0.09,1,-0.223706407799132,-3.79302763524231e-05,-0.0759846600606637,0.00891552205432562,0.213180958230458,-0.273296947496537,0.331026406737994,-0.267788705492087,0.20231529884222,0.357537891087771
"SE58",20.38,14.38,24.34,34.1,0.01,2.13,0.03,0,0.06,4.67,0.04,-0.14366595694582,-2.33950859835012e-05,-0.0423264569751746,0.00436287473076197,0.107004125212508,-0.137100954798758,0.16611660866634,-0.134359299538694,0.101522037887979,0.179449229848333
"SE60",5.35,0.42,64.33,4.44,3.97,0.1,0.73,0.17,0.64,3.29,16.48,-0.322709425026501,-6.8239865929262e-05,-0.174120696636082,-1.14184419338034,-0.891269816350051,0.893999896783859,-0.604467735504058,0.489462357951393,-0.286554495690495,1.71028190453321
"SE61",0.65,0.02,65.98,6.32,18.67,0,0.33,0.46,1.34,0.04,6.42,-0.321377248818658,-6.46616335491611e-05,-0.16899698716748,-1.03340049144668,-0.807739620275217,0.811283008615526,-0.548353181154278,0.444281707315937,-0.260026221776743,1.55545949624213
"SE62",1.9,0.04,80.79,4.65,4.84,0.05,0.17,0.08,1.45,0,6.08,-0.318984971732286,-6.19522492161995e-05,-0.161754454285277,-0.918681613770856,-0.718830651097483,0.72287038191982,-0.488422344506451,0.395944038248597,-0.231667441981958,1.38854290323391
"SE63",3.87,0.15,74.44,6.17,4.22,0.01,0.03,0.09,1.77,0.74,8.41,-0.314689968489368,-5.9472899631566e-05,-0.152018446048277,-0.798359077980729,-0.625145055804787,0.629376274531886,-0.42509576862061,0.344790108200454,-0.201678501797128,1.21083264852508
"SE64",4.99,0.65,69.23,16.06,3.73,0,0,0,0.26,0,5.2,-0.306979766448331,-5.66390096544007e-05,-0.139285423166133,-0.673137577898763,-0.527317627983963,0.531450548083854,-0.358818027227344,0.291180692247486,-0.170271359332144,1.02371393657118
"SE65",3.22,1.32,48.29,25.49,0.24,0,0,0,0.14,2.51,18.88,-0.293139589373894,-5.27824313884091e-05,-0.122896937602015,-0.543750868533417,-0.426011516684215,0.429774161985119,-0.290054610942862,0.235494044766712,-0.137668090731772,0.828645879541427
"SE66",2.58,0.53,67.39,25.32,0,0.06,0,0,0.01,2.76,1.53,-0.26829664202096,-4.69939351175022e-05,-0.102005605711652,-0.410957476684277,-0.321913739367406,0.325054447342067,-0.21928866397663,0.178123235665001,-0.104099322806413,0.627150139086323
"SE67",9.63,5.48,56.51,27,0,0.16,0,0,0.06,0.43,0.88,-0.223704688484292,-3.79088713668552e-05,-0.0755313179295943,-0.275536262187194,-0.215730529257518,0.218020193563166,-0.147017594172357,0.119473379888875,-0.0698026039220203,0.420799071880709
"SE68",11.43,3.16,52.02,31.09,0,0.32,0,0,0.01,0.25,1.88,-0.143665035182499,-2.33854779432665e-05,-0.0421054225697152,-0.138281855738628,-0.108182548563645,0.109416581739665,-0.0737495801414533,0.0599587797199449,-0.0350207246441085,0.211203471195063
"SJ80",8.44,0.6,49.74,30.36,0.01,0,0,0.02,0.61,0.17,10.22,-0.324326245270398,0.000527232661903551,-0.142218033074823,1.56271778363364,-1.80890414234583,-1.86684622316294,-1.67169674810676,-1.24910207718907,-0.550469008486423,-0.827179916717779
"SJ81",2.87,0.13,46.87,47.3,0.49,0,0,0.07,0.72,0,1.61,-0.32434716064806,0.000302678737985614,-0.154689814661948,1.54191808661218,-1.80085409490273,-1.86209570424067,-1.66859468552531,-1.24724291125004,-0.549722986180401,-0.832408509439126
"SJ82",3.13,0.05,32.87,59.85,0.46,0,0,0.56,0.24,0.12,2.99,-0.324354686086679,0.000163857086062785,-0.164303609075922,1.5122974619975,-1.78069515244487,-1.84444557221201,-1.65380944526936,-1.23660278807706,-0.545098692474415,-0.831103632387756
"SJ83",7.71,1.81,31.66,54.17,0.08,0,0,0.12,0.22,0.25,4.08,-0.324350970297467,7.80398842371292e-05,-0.171556241169029,1.4740271793514,-1.74856125407465,-1.81401575112006,-1.6274423466153,-1.21725489555133,-0.536627993687278,-0.82327418904171
"SJ84",8.28,1.39,10.78,34.84,0.05,0,0,0,0.43,3.05,41.42,-0.324334204956499,2.49955296380409e-05,-0.176822430479846,1.4273293192653,-1.7046676257264,-1.77101514039246,-1.58967614559813,-1.18933393037729,-0.524369983814888,-0.808979991469099
"SJ85",8.01,0.04,10.94,55.19,0.01,0,0.44,0,0.86,1.33,23.36,-0.324297988149018,-7.78117908973102e-06,-0.180374175403487,1.37247551054098,-1.64930937505477,-1.71574021977703,-1.54077380368728,-1.15303518698087,-0.508410584039256,-0.788331323599119
"SJ86",8.58,0.11,16.47,66.67,0.02,0,0,0.03,0.31,0.25,7.64,-0.324229070648907,-2.80172555835447e-05,-0.182394824482834,1.30978537524272,-1.58285954282962,-1.64857304323762,-1.48107669135755,-1.10861321750895,-0.488861951957687,-0.761488110137452
"SJ87",10.92,0.37,10.87,68.84,0.02,0,0,0,1.06,0.41,7.78,-0.324102691655507,-4.04832254924713e-05,-0.182988563075729,1.23962469036798,-1.50576662345275,-1.56997863510839,-1.41100223857462,-1.05638007193327,-0.465861704509431,-0.728658697227513
"SJ88",7.58,0,5.17,38.88,0.05,0,0,0.01,0.26,0.29,47.89,-0.323873862009547,-4.81178045258262e-05,-0.182185806515713,1.16240327656292,-1.41855157083621,-1.48050180598772,-1.33104104812286,-0.99670313024258,-0.43957195990241,-0.690098253999394
"SJ89",3.42,0,2.25,11.51,0.06,0,0,0.1,0.75,0.05,81.99,-0.323461526289464,-5.27207122409753e-05,-0.17994477918515,1.07857262592983,-1.3218043094014,-1.38076340992127,-1.2417534915063,-0.930002541607357,-0.410178205132356,-0.646106807121524
"SJ90",3.39,0.33,34.51,24.21,0.02,0,0,0,0.6,1.6,35.51,-0.324281359861669,0.000928699128223225,-0.122549202993315,1.25114521599927,-0.270235732220477,0.963150869727616,1.89190951212187,2.02203240367944,1.05911939606648,-1.45747479540857
"SJ91",7.87,7.88,33.37,32.64,0.25,0,0,0.03,0.99,5.88,11.37,-0.324322362051121,0.000550877570935818,-0.139015585568314,1.23402033742497,-0.268048919100938,0.961600895298181,1.88933902634366,2.01965732478476,1.05800551298932,-1.46631008472488
"SJ92",6.29,0.76,19.89,52.79,1.67,0,0,1.78,0.19,0.31,16.52,-0.324341082345422,0.000317301430374041,-0.151813484604843,1.20987833988415,-0.264144863575923,0.953312082978174,1.87345919513629,2.00300892918729,1.04939993436045,-1.46366755874326
"SJ93",4.49,0.08,6.9,84.26,0,0.1,0,0.22,0,0.35,3.78,-0.324343607530129,0.000172904154100862,-0.16160436924753,1.17885884988081,-0.258549627768529,0.938340612566597,1.84437867941283,1.97220161693005,1.03336190222403,-1.44956557106309
"SJ94",5.03,0.53,3.56,69.81,0.17,0.37,0.01,0,0.14,1.84,18.67,-0.324330323239862,8.36437672898213e-05,-0.168894203131777,1.14114190033033,-0.251300757829715,0.916789190769942,1.80229896333286,1.92744980733489,1.01000327382303,-1.42411189573756
"SJ95",9.8,0.53,0.47,78.6,0,0.04,0.7,0.07,1.1,0.4,8.48,-0.32429604981992,2.84771289264178e-05,-0.174059616732535,1.09694690633681,-0.242447037016047,0.88880636729924,1.74751299908173,1.8690664903355,0.97948776438745,-1.38750293926083
"SJ96",7.59,0.3,0.04,65.4,0.05,0,19.38,0,0.98,6.05,0.31,-0.324228218922582,-5.60116728897628e-06,-0.177367390259001,1.04653140873496,-0.232048162262454,0.854585531142498,1.68040320718868,1.79746108012656,0.942029822092955,-1.34002225997758
"SJ97",5.95,4.21,1.05,48.7,0,0,21.7,0,0.65,6.23,11.68,-0.324102448963603,-2.66249052800259e-05,-0.178988255318898,0.990189592468171,-0.220174346358958,0.814363593648591,1.60143884574229,1.71313658553397,0.897893142755966,-1.28203840579084
"SJ98",13.76,0.2,1.09,55.17,0.02,0,4.62,0,0.29,3,22.03,-0.323873961861839,-3.9550251549915e-05,-0.179005729699972,0.928250588208834,-0.206905848348891,0.768419367250298,1.51117276632195,1.61668611636176,0.84738883439428,-1.21400208638323
"SJ99",15.79,0.05,3.38,31.19,0.01,0,1.86,0,1.8,3.06,43.1,-0.323461819479027,-4.74241879721264e-05,-0.177420442730746,0.861076566914624,-0.19233243525738,0.7170716507878,1.41023757880546,1.50878874969342,0.790873244277346,-1.13644270138595
"SK00",4.27,0.07,39.04,25.07,0.03,0,0,0,1.36,1.2,29.02,-0.324240739567315,0.00101597142336451,-0.158269046947028,-0.760675795131599,2.04727698105475,1.59499640386897,-0.256372573211305,-1.8922088279212,-1.42364900059091,-1.64759757124605
"SK01",10.1,12.21,28.06,29.98,1.18,0.02,0,0.47,0.93,3.59,13.57,-0.32429973394753,0.000604831940086244,-0.167481602057692,-0.754118192311382,2.04064613726915,1.59204189730986,-0.255528470596083,-1.88952480298069,-1.42189834514903,-1.65751955649287
"SK02",4.97,3.07,24.64,61.01,0.48,0,0,0.36,3.22,0.09,2.4,-0.324328478142838,0.000350657707972911,-0.174497479040546,-0.742925321535704,2.02007938092205,1.5779637004594,-0.252926701276596,-1.87352653392192,-1.4101009052808,-1.65447243363379
"SK03",2.02,0.15,11.66,81.99,0.03,0,0,0.19,0.03,0.08,4.01,-0.324336587923051,0.000193526081565958,-0.179679157267737,-0.727161636757863,1.985713039589,1.55285729573417,-0.248585151633709,-1.84432403232106,-1.38833794014672,-1.63847741753497
"SK04",15.44,2.62,2.1,64.19,0.49,8.23,0.5,0,0.18,3.24,3.25,-0.324326414991941,9.63929277122354e-05,-0.183294264568961,-0.706918431160225,1.93777711248797,1.51689494894126,-0.242533943252194,-1.8021205866451,-1.35676125687888,-1.6096567583093
"SK05",3.44,0,0.01,52.64,0.73,28.96,11.72,0,0,2.47,0.25,-0.324293875033362,3.63590924515242e-05,-0.185529422184703,-0.68231332280661,1.87659377384234,1.47032456136221,-0.234815229234224,-1.7472113877727,-1.31559218237023,-1.56823284722713
"SK06",0.24,0.43,0.03,26.04,0.11,14.61,40.55,0,0.01,17.88,0.16,-0.324227009936154,-7.28268739337171e-07,-0.18649990015983,-0.65348958523737,1.8025752491753,1.4134679941466,-0.225482905719288,-1.67998150400691,-1.26512004194684,-1.51452654011613
"SK07",1.27,2.96,0.11,25.14,0,10.01,33.55,0,1.03,22.78,3.26,-0.32410177809155,-2.36123194951678e-05,-0.186255582971279,-0.620615326733409,1.71622107824179,1.34671887610056,-0.214602240546688,-1.60090321917935,-1.20570015515933,-1.44895471056803
"SK08",5.87,0.07,0.43,40.79,0.04,2.4,29.94,0,0.39,15.71,4.49,-0.323873590824667,-3.7687787275689e-05,-0.184783554349789,-0.58388252287048,1.61811478249047,1.27053990957053,-0.20224942158259,-1.51053275196609,-1.13775136236459,-1.37202705130165
"SK09",7.25,0.52,0.36,20.93,0,0.24,21.81,0,2.43,40.79,5.82,-0.323461615516611,-4.62727882963235e-05,-0.182007435434249,-0.543505907854874,1.50891995901952,1.1854596926408,-0.188511027802518,-1.40950637893642,-1.06175309911283,-1.28434214792865
"SK10",6.9,1,56.47,21.3,1.84,0,0,0.69,0.54,0.19,11.27,-0.324209786280788,0.000761340247630977,-0.224556487376417,-2.03329883303668,0.815430679070916,-1.57058273081586,-1.35459103476297,1.22550058764408,1.77899136608726,-1.35123142105736
"SK11",2.75,0.11,53.42,25.87,7.22,0,0,1.68,1.35,0.1,7.62,-0.324282285889408,0.000447411036231279,-0.220307270568251,-2.01175125161732,0.813482814672348,-1.56649256500607,-1.35199481921417,1.22414910254408,1.77703827319555,-1.35945254269501
"SK12",10.29,0.61,29.57,57.17,1.06,0,0,0.04,0.07,0.09,1.2,-0.324318550190555,0.000253335064647926,-0.216592779871223,-1.97819844398431,0.805919707504117,-1.55155859131736,-1.33993925876189,1.214138879986,1.76250916391044,-1.35702990403886
"SK13",2.79,0.02,23.56,68.21,2.44,0,0,0.73,0.29,0,2.1,-0.324330845623777,0.00013335802557271,-0.213220625131244,-1.93283400973433,0.792791396732596,-1.52588229242274,-1.31850697976644,1.19553869714488,1.7355040826059,-1.34398031973552
"SK14",4.87,0.19,8.47,78.7,0.86,4.2,0.03,0.03,0,0.25,2.55,-0.324323000655587,5.91950207890443e-05,-0.21001612759954,-1.87592091287196,0.7741856930362,-1.48963994224173,-1.28784654054539,1.16847800650919,1.69621138651328,-1.32040352335632
"SK15",4.73,0,1.11,51.47,0.09,41.01,0.93,0,0,0.54,0.27,-0.324291753744515,1.33620933698966e-05,-0.206813287471604,-1.80778999375845,0.750227608464477,-1.44308142857151,-1.24817143028987,1.13314606127697,1.64490647019338,-1.28648143802093
"SK16",1.83,0.01,1.68,45.73,9.3,37.92,1.33,0,0,2,0.32,-0.324225605232752,-1.49457722171405e-05,-0.203446201223166,-1.7288380811244,0.721078533264783,-1.38652856211509,-1.19975861049131,1.08979061751456,1.58194987268908,-1.24247680482722
"SK17",4.1,0.01,0.7,22.74,7.21,60.31,2.52,0,0.01,2.07,0.54,-0.324100769039895,-3.2402010941831e-05,-0.19974048497886,-1.63952571470754,0.686935164979287,-1.32037288311747,-1.14294660863886,1.03871622178925,1.50778478009395,-1.18873117916548
"SK18",5.66,3.86,0.11,23.24,0.63,28.76,21.2,0,2.04,13.72,0.87,-0.323872799039757,-4.31217765323138e-05,-0.195504260542797,-1.54037449138192,0.648028196805447,-1.24507298033651,-1.07813317711207,0.980282095929466,1.42293394057224,-1.12566230994524
"SK19",0.77,5,0,0.18,0,0.62,13.32,0,1.37,78.73,0.02,-0.323460942337146,-4.96321049209463e-05,-0.190518238194014,-1.43196404987731,0.604620773858374,-1.16115134049393,-1.00577253327096,0.914899633430679,1.32799601305233,-1.05376092160199
"SK20",1.8,0.06,57.71,17.3,3.7,0,0,1.18,0.69,0.24,17.52,-0.324192557668538,0.000245655907318073,-0.275348036463494,-1.02485307909535,-1.65916617644813,-0.528066906441384,2.03083339866795,0.0521420352924806,-1.9225462541211,-0.640543483153358
"SK21",3.14,0,60.11,21.38,6.38,0,0,1.02,0.48,0.33,7.37,-0.324272278566118,0.000128599484802417,-0.26078333926355,-1.01517174022203,-1.65167094604394,-0.526294178542597,2.02801231659309,0.0523122852425673,-1.92019162270655,-0.64469978821727
"SK22",2.71,0.11,30.41,33.67,7.85,0,0,1.12,2.08,0.22,22.03,-0.324312558036877,5.62358887478628e-05,-0.248846418104326,-0.999326591180779,-1.6330798015428,-0.520912445503547,2.01091069980718,0.0520930757173498,-1.90426895583779,-0.643787127365084
"SK23",1.31,0,33.55,58.53,2.76,0,0,0.62,0.15,0.37,2.87,-0.324327082419327,1.15050485320847e-05,-0.238919688184766,-0.97740896237327,-1.60351629234177,-0.511958341781462,1.97964561253897,0.0514858745520208,-1.87488795645747,-0.637811643447994
"SK24",4.52,0.42,27.15,63.34,0,1.77,0,0.22,0.16,1.26,1.23,-0.324320471274706,-1.6138437790627e-05,-0.230489534177902,-0.94954583431553,-1.5631784381827,-0.499493371330075,1.93443369089875,0.050494889059377,-1.83225358116574,-0.626818977297093
"SK25",6.51,0.36,2.13,44.74,1.6,39.56,0.34,0,0.01,2.76,2.16,-0.324289903874489,-3.32115054158036e-05,-0.223119746460548,-0.915899120548028,-1.51233743571663,-0.483603495841961,1.87558968467648,0.0491270380871505,-1.7766646511525,-0.610893934608833
"SK26",17.34,3.97,2.3,46.16,0.16,16.25,1.31,0,0.01,8.48,4.22,-0.324224126282672,-4.37390554131879e-05,-0.216428962387686,-0.876664744804099,-1.4513358672602,-0.464398552356294,1.80352430799658,0.047391904897355,-1.7085117974691,-0.590159846861286
"SK27",14.48,1.11,1.36,33.04,0.25,11.2,15.57,0,0.28,21.28,1.61,-0.324099489544167,-5.02028585889385e-05,-0.210070945767068,-0.832071517588157,-1.38058542334829,-0.442011504101939,1.7187414132008,0.0453016711799198,-1.62827475447595,-0.564777630953489
"SK28",6.75,2.63,0.65,25.36,0.2,0.15,23.86,0,0.96,37.87,1.83,-0.323871624306089,-5.41266494702177e-05,-0.203716684626365,-0.782379818501613,-1.30056415400593,-0.4165975296128,1.62183450711252,0.0428710326468117,-1.53651901993809,-0.534944554619212
"SK29",12.86,5.83,2.08,26.91,0.04,0,8.22,0,3.12,37.98,3.14,-0.32345982106154,-5.64353544931662e-05,-0.197037381546592,-0.727880091806116,-1.21181326688495,-0.388332956286447,1.51348263348991,0.0401170967835259,-1.43389190475361,-0.500892716973542
"SK30",2.59,0.02,67.47,25.32,2.03,0,0,0.08,0.24,0,2.32,-0.324191227641465,-0.000367343866059018,-0.275349279818583,1.03941647012294,-0.766648320829046,2.06091700921786,-0.70527124773796,-1.13282914943263,1.96268255587577,0.31220950044715
"SK31",3.54,0.28,52.96,28.51,0.45,0,0,0.23,0.37,4.13,9.75,-0.324270923212129,-0.000250374379660723,-0.260782966943767,1.02475638846733,-0.762550790354552,2.05686628560816,-0.703692946830113,-1.13109315547012,1.96046818163122,0.313478639361215
"SK32",7.52,1.56,54.22,24.82,3.17,0,0,0.54,3.14,0.06,5.15,-0.324311176594969,-0.000178056842888518,-0.248844795752708,1.00430866439725,-0.753385478548038,2.038464934085,-0.697210820692907,-1.12139856729345,1.9443853988427,0.312345557774496
"SK33",1.58,0.04,23.11,23.28,3.21,0,0,1.18,0.29,0.17,47.24,-0.324325674430848,-0.00013334174534851,-0.238917106104919,0.97819158797329,-0.739213380985752,2.00583785858212,-0.685869349800931,-1.10381210707549,1.91454501439377,0.308818625944671
"SK34",7.44,0.06,20.6,56.34,2.79,0.01,0,0.57,0.27,1.47,10.45,-0.324319036509946,-0.000105687140560241,-0.230486224875774,0.946556740570306,-0.720129468941384,1.95920896599342,-0.669747171125417,-1.07845622268457,1.87115518526318,0.302924888481804
"SK35",14.86,0.77,9.66,65.87,0.27,1.79,0.26,0.21,0.31,0.78,5.41,-0.324288442347606,-8.85732431929293e-05,-0.223115898548144,0.909588131379639,-0.696262067579351,1.89889967177973,-0.648956547223135,-1.04550825846713,1.81452000726181,0.294709864033519
"SK36",9.77,4.31,12.5,49.37,0.3,5.47,4.03,0.09,0.67,3.29,10.53,-0.32422263834693,-7.79653148194152e-05,-0.216424731634787,0.867501142774516,-0.667772007271083,1.82532672556136,-0.623642598479864,-1.00519923761671,1.74503742354964,0.284237200637718
"SK37",12.91,0.35,20.99,39.28,0.3,0.06,0.88,0.16,0.24,1.37,23.69,-0.324097976084501,-7.13624348839616e-05,-0.210066463912133,0.820541290486394,-0.63485155354628,1.73899937110926,-0.593982303656918,-0.957812264322038,1.66319646702484,0.271588189295782
"SK38",15.34,0.15,8.46,16.78,0,0.01,0.03,0.01,0.11,1.18,58.22,-0.323870087070926,-6.72078885751822e-05,-0.203712066415388,0.768982805636971,-0.597723122701923,1.64051585980368,-0.560183275526008,-0.90368055658535,1.56957385541375,0.256861139429312
"SK39",21.46,1.88,19.86,23.85,0.09,0.02,0.78,0,0.3,1.85,30.08,-0.323458263205959,-6.45221616349994e-05,-0.197032730350208,0.713127046728324,-0.556637791557507,1.5305593411598,-0.52248231996941,-0.843185123227447,1.46482996250129,0.240170620966854
"SK40",2.31,0,51.47,37.66,0.28,0,0,0.01,0.48,1.88,5.99,-0.324205797235489,-0.000883025245675238,-0.224560902633032,1.65808978803023,1.80830210549691,-0.294833307918618,-0.98365608734692,1.8728374344855,-1.68027834451123,1.27791722662931
"SK41",6.29,0.26,32.55,39.36,0.16,0.39,0.34,0.03,0.48,5.37,14.92,-0.324278220531721,-0.000569181788795963,-0.220307111451192,1.63610063576363,1.80249305561264,-0.293572467633705,-0.981607792480132,1.87056293792638,-1.67814871549264,1.28464855748493
"SK42",4.05,0.04,58.55,22.7,5.43,0,0,0.81,0.29,0.77,7.54,-0.324314406403867,-0.000375151961609236,-0.216589010132837,1.60474576408687,1.78437158178076,-0.290321913459721,-0.972706137260868,1.85507641089913,-1.66416821933138,1.28140864804797
"SK43",2.34,0.13,38.9,21.62,7.4,0,0,2.17,2.13,0.17,25.38,-0.324326622117714,-0.000255191231439314,-0.213214023928842,1.56420646534235,1.75405787901401,-0.285103817726883,-0.957012202409751,1.82648438465727,-1.63843325397172,1.26822089886684
"SK44",3.95,0.99,21.19,38.19,6.15,0,0,2.21,0.58,2.32,24.59,-0.324318696784642,-0.00018101778144707,-0.210007330989999,1.51471793868776,1.71175484012092,-0.277954043760642,-0.934634797364557,1.78498590168914,-1.60112336974659,1.24518628911666
"SK45",6.55,0.43,29.76,33.45,1.09,0,0,0.56,0.1,2.17,26.03,-0.324287369573129,-0.000135144643697325,-0.206802821750966,1.45656795134943,1.65774673293471,-0.268921904973271,-0.90572972537873,1.73087116788183,-1.55250005052539,1.21248263219869
"SK46",6.17,0.12,53.94,23.65,0.32,0,0,0.14,0.1,4.63,11.06,-0.324221141831562,-0.000106756910319695,-0.20343450981515,1.39009519020782,1.59239732435503,-0.258069830153867,-0.870498717714409,1.66451955987505,-1.49290491409312,1.17036323126963
"SK47",6.61,0.03,55.54,12.44,1.24,0,0,0.83,0.41,5.43,17.8,-0.324096229068822,-8.91619906635407e-05,-0.199727950201743,1.31568731300546,1.51614746334205,-0.245472937189091,-0.829188044082028,1.58639700101703,-1.42275734390405,1.1191549446363
"SK48",8.15,0.13,36.14,18.97,0.12,0.23,0,0.05,1.25,1.81,33.35,-0.323868187746187,-7.82117648486333e-05,-0.195491221273119,1.23377871024537,1.42951213869222,-0.231218518087577,-0.782086808765048,1.49705272381375,-1.34255156839523,1.05925567557099
"SK49",10.06,0.35,37.29,12.45,1.29,0.12,0.03,0.15,1.55,0.84,35.96,-0.323456269186662,-7.13246292039175e-05,-0.190505004180605,1.14484799056474,1.33307703101344,-0.215405438802729,-0.729524944092303,1.39711544112239,-1.25285320797963,0.991131305615173
"SK50",3.2,0.74,20.22,23.45,4.65,0,0,0.99,0.38,0.84,45.6,-0.324234094353474,-0.00113766033674656,-0.158274816491262,0.0877356532869389,1.28610850291681,-1.65176360853512,1.97738862308434,-1.60258987605055,1.20614224853043,2.02718669554363
"SK51",8.48,1.01,32.54,22.08,13.01,0.17,0,1.13,1.61,3.21,17.02,-0.324292960563669,-0.000726601926634164,-0.167480966286797,0.0843009768129609,1.28228027955432,-1.64737963174067,1.97453635372979,-1.60016172516725,1.20476944184355,2.03810793647932
"SK52",4.44,0.1,61.09,13.93,10.48,0.07,0,0.51,0.14,0.39,9.05,-0.324321573557844,-0.000472472044851635,-0.174491627637156,0.080588247614,1.26966731581433,-1.63160055849367,1.95779069341339,-1.58647311070481,1.1948757996689,2.03319019177933
"SK53",3.99,0.08,33.19,12.31,4.79,0.04,0,0.5,3.66,0.01,41.62,-0.324329550240834,-0.000315356310529749,-0.179669088126496,0.0766190855456891,1.24835326040987,-1.60453373790171,1.92726641456777,-1.56161831595866,1.17652954883781,2.01246893856399
"SK54",4.88,0.22,23.76,13.71,2.56,0.01,0,0.18,0.26,0.43,54.2,-0.324319243265851,-0.0002182128890226,-0.183280823516553,0.0724166229293301,1.21848075665513,-1.56636502653328,1.88317507154787,-1.52577041870174,1.14985868875795,1.97610285834172
"SK55",13.76,9.45,48.51,8.44,0.4,0,0,0.03,0.52,2.18,16.96,-0.324286569435505,-0.000158139226482836,-0.18551333617174,0.0680053700850083,1.18025051211974,-1.51735754347458,1.82582357276194,-1.47918011694939,1.11505012189155,1.92437266605425
"SK56",6.83,7.05,44.38,6.39,3.15,0.07,0,0.05,0.14,6.73,25.37,-0.324219572282626,-0.000120972405662824,-0.186481805126267,0.0634110726556755,1.13391997372017,-1.45784988686477,1.75561208165993,-1.4221740058786,1.07234836686373,1.85767898634683
"SK57",15.71,4.01,57.59,5.87,3.4,0.01,0,0.26,0.96,2.07,10.31,-0.324094212830301,-9.79500337465279e-05,-0.186236047332745,0.058660561549494,1.07980161682889,-1.38825382377811,1.67303126066302,-1.35515231752327,1.02205386289378,1.77653929277799
"SK58",9.86,0.04,64.91,8.52,1.14,0,0,0.06,0.29,1.32,14.01,-0.323865906707131,-8.36443958047499e-05,-0.184763098822514,0.0537815963723087,1.01826085961319,-1.30905146900458,1.57865887675622,-1.27858613867721,0.964520877146225,1.68158393301635
"SK59",8.7,0.01,65.8,9.21,1.4,0.02,0,0.27,0.36,3.32,11.02,-0.323453828319287,-7.46828101602659e-05,-0.181986549698005,0.0488027032615961,0.949713616375132,-1.22079197185973,1.47315579198056,-1.19301412614369,0.900155029425428,1.57355127023534
"SK60",1.82,0.02,39.18,29.05,1.04,0,0,0.19,0.3,0.12,28.41,-0.32427206244848,-0.00105041581496358,-0.122545302851442,-1.76424176242635,-1.32891049858416,1.30581133596406,-0.885634132247845,0.711243373755693,-0.417902484465767,2.385519611572
"SK61",0.79,0,51.23,31.42,6.7,0,0,0.79,1.08,0.02,8.09,-0.324312883528838,-0.000672662850264428,-0.139005827449162,-1.74570285703597,-1.32256163108473,1.30336524745231,-0.88369862196474,0.71048876721292,-0.417268924169063,2.39838565381231
"SK62",2.78,0.09,40.88,53.71,0.72,0,0,0.03,0.07,0.05,1.79,-0.324331419327235,-0.000439123921686598,-0.151798775489986,-1.71673494762651,-1.30735938641492,1.29181663195631,-0.87560180302439,0.704707074951753,-0.413697840572976,2.39261248769384
"SK63",4.41,0.84,54.68,27.88,0.8,0,0,0.07,1.68,0.05,9.8,-0.324333757797603,-0.000294738486517186,-0.161585525268731,-1.67750521275974,-1.28340492779919,1.2712439619173,-0.861399295955796,0.693938094963689,-0.407213897956943,2.36824187445119
"SK64",5.17,0.1,44.59,29.39,1.61,0.04,0,0.25,1.49,1.02,16.53,-0.324320285687171,-0.000205465554079932,-0.168871964665178,-1.62824098264953,-1.25085873943205,1.24178844218371,-0.841189591118888,0.678256801934182,-0.397862350366833,2.32546050585454
"SK65",6.25,1.88,68.65,17.78,0.19,0,0,0.04,0.05,1.94,3.38,-0.324285824796743,-0.000150257821227303,-0.174034663402254,-1.56922844907322,-1.20993957432982,1.20365306486266,-0.815113381861589,0.65777283855071,-0.385708733496512,2.2645986238568
"SK66",13.43,12.48,49.95,12.24,0.27,0,1.07,0,0.25,2.21,8.26,-0.32421780902385,-0.000116099369550639,-0.177340355542206,-1.50081102909754,-1.16092300631119,1.1571012337386,-0.783352600733715,0.632629761792397,-0.370838412913506,2.18612751988076
"SK67",14.92,15.59,48.78,13.4,1.23,0,0.17,0.26,0.41,2.09,3.36,-0.324091860440064,-9.493693456698e-05,-0.17895974052108,-1.42338739181624,-1.10413959553433,1.10245496741281,-0.746129165245198,0.603004049287966,-0.353355991687848,2.09065593228598
"SK68",6.87,1.84,68.24,14.37,1.82,0.47,0.06,0.25,1.16,0.6,4.35,-0.323863206973863,-8.17812199243529e-05,-0.178976317087224,-1.33740915928815,-1.03997267965296,1.04009269326095,-0.703703441706369,0.569103872529497,-0.333384581482267,1.97892536917535
"SK69",6.62,2.97,66.74,7.46,5.87,0.08,0.16,0.81,0.15,0.91,8.41,-0.323450920312873,-7.35305988461655e-05,-0.1773907075669,-1.24337829479337,-0.968855805210166,0.970446647170546,-0.65637243768094,0.531167645385094,-0.311064942133306,1.85180439212003
"SO80",15.72,0.16,8.26,57.19,0,4.99,0,0,0.1,0.12,13.67,-0.306078856490891,0.0720609947455475,0.418349113275804,1.28522301589135,-1.25210826349555,-1.24179390166678,-1.09567649837823,-0.812267339532553,-0.356918501504737,-0.448899774183083
"SO81",6.15,0.01,13.26,49.42,1.42,0.48,0,0,0.74,0.21,28.39,-0.314180905277574,0.0445262054278388,0.290928324016438,1.35057957300116,-1.35473449491299,-1.35330392070804,-1.1973278517832,-0.888928408354891,-0.390816685463647,-0.509225392594725
"SO82",1.84,0.02,27.26,51.42,11.11,0,0,0.07,1.29,0.03,7.18,-0.318695292222846,0.0275037207001158,0.189410699156025,1.40825737086082,-1.44829720951463,-1.45547366544783,-1.29062473108029,-0.959350696984916,-0.421966360206663,-0.565545782972719
"SO83",2.26,0.01,30.45,56.33,7.21,0,0,0,1.27,0.02,2.59,-0.321210934535781,0.0169801067553816,0.108545393625651,1.45791710056376,-1.53216129492902,-1.54759190212216,-1.37491124640406,-1.02303686600119,-0.450147071728864,-0.617421714639521
"SO84",4.64,0.34,42.43,45.32,3.32,0,0,0,1.02,0.07,3.02,-0.322613028377561,0.0104742032128535,0.0441499676729452,1.49926616668934,-1.6057569835899,-1.6290168633431,-1.44959439962307,-1.07953681003307,-0.475159229118934,-0.664448389379142
"SO85",2.26,0,23.95,47.31,2.14,0,0,0,0.79,0.01,23.74,-0.323394712326668,0.00645211967895165,-0.00710600995667764,1.53206043643425,-1.66858375485809,-1.69918075162699,-1.5141482855418,-1.12845086073041,-0.496825527791028,-0.706258614856061
"SO86",5.71,0.26,45.76,36.27,2.07,0,0,0.02,1.21,0.05,8.86,-0.323830692711105,0.00396558057156051,-0.0478732711903847,1.55610570692618,-1.72021377176835,-1.75759373306114,-1.56811782604928,-1.1694326370179,-0.514992216531522,-0.742525687574663
"SO87",8.58,0.65,38.96,27.38,0.98,0,0,0.62,0.64,0.08,22.33,-0.324073962324052,0.00242834576269591,-0.0802599875237121,1.57125888175109,-1.76029482858254,-1.80384739278184,-1.61112201048477,-1.20219152214481,-0.529530199234525,-0.772965962620542
"SO88",13.15,3.85,38.63,25.71,1.68,0,0,0.12,0.14,0.1,16.91,-0.324209665911236,0.00147799103333677,-0.105940835667316,1.57742884941539,-1.7885527886132,-1.83761762764043,-1.64285661892306,-1.2264947496473,-0.540335963356589,-0.797341089840077
"SO89",5.75,0.28,49.38,24.87,0.48,0,0,0.14,0.33,0.57,18.27,-0.324285077661304,0.000890458890771168,-0.1262436340005,1.57457705819993,-1.80479349520943,-1.85866695531586,-1.66309640868282,-1.24216908307597,-0.547332328335986,-0.815459898691241
"SO90",20.78,0.23,39,37.27,0,1.51,0,0,0,0.22,1.13,-0.290341057162429,0.121286010634229,0.608606680156883,1.03546643978033,-0.200233103550465,0.628668915337514,1.22750962548601,1.30646103133528,0.682453879076717,-0.795858416554858
"SO91",15.57,0.67,32.93,43.26,0,4.51,0.01,0,0.22,0.19,2.76,-0.305413302516084,0.0749580847717206,0.442559555860405,1.08705479583959,-0.214106758602908,0.687520072283318,1.34392356897226,1.43148302119129,0.748142706833875,-0.901624425471651
"SO92",3.23,0.27,15.13,48.68,1.84,4.66,0,0,0.07,0.11,26.25,-0.313810890751503,0.0463173442021223,0.310257840017443,1.13250426186323,-0.226632223308349,0.741549327508236,1.4508803521105,1.54640467896233,0.808542849580337,-1.00033066513571
"SO93",2.87,0.22,40.59,45.26,3.16,1.46,0,0,0.46,0.17,6.01,-0.318489927748728,0.0286111023198519,0.204858380622131,1.17154740269794,-0.237724415817018,0.790380582883347,1.54762804292846,1.65041436982221,0.863226824117729,-1.09120728400273
"SO94",4.25,0.23,52.78,30.54,4.4,1.03,0.01,0,0.63,0.14,6.27,-0.321097287457822,0.017664752983525,0.120909749569096,1.2039541103892,-0.247307915409803,0.833673661330704,1.63348596665264,1.74277697410223,0.911807315077912,-1.17354509186905
"SO95",4.71,0.16,40.98,49.86,2.86,0,0,0,0.03,0.04,1.54,-0.322550449251143,0.0108974912432705,0.054070190982753,1.22953298048184,-0.255317479787158,0.87112669363467,1.7078495279712,1.82283911857869,0.953939936853826,-1.24670112024914
"SO96",3.2,0.02,24.98,64.54,0.7,0,0,0.02,0.29,0.02,6.34,-0.323360525693571,0.00671382147871796,0.000882989851965615,1.24813246322682,-0.261698493901232,0.902478241251001,1.77019450373435,1.89003383612418,0.989325694689955,-1.31010367124958
"SO97",10.86,0.8,21.21,52.25,0.06,0.24,0.1,0,0.04,0.1,14.39,-0.323812215022279,0.00412738063203838,-0.0414023641239034,1.25964178265057,-0.266407347211117,0.927509140062109,1.82008077536801,1.94388462022783,1.01771312720617,-1.36325681507571
"SO98",6.44,0.29,9,21.49,0.11,0.03,0.09,0,0.35,0.77,61.51,-0.32406403716181,0.00252838094045176,-0.0749724723045785,1.26399161779283,-0.269411736722107,0.946044051947368,1.85715547417071,1.98400884511428,1.03890011485759,-1.4057443005586
"SO99",2.12,0,5.02,10.66,0.17,0,0,0,0.52,0.52,81.15,-0.324204144829901,0.0015398398314301,-0.101563146128793,1.26115454180307,-0.270690893669265,0.957952713051307,1.88115551675158,2.01012052662926,1.05273534117463,-1.43723284762397
"SP00",5.63,0.1,52.48,34.84,0.03,1.75,0,0.06,0.04,0.18,5.03,-0.276237819840504,0.131986798324526,0.263105409513227,-0.576555804184354,1.38389905221859,1.04625294668947,-0.172931007617154,-1.22870923375917,-0.920706204729391,-0.90053109279245
"SP01",14.03,0.29,46.08,35.27,0,3.4,0,0,0,0.25,0.8,-0.297556174794181,0.0815735195710891,0.167202602138299,-0.613941934650126,1.50372221089464,1.1431432216915,-0.18798248310858,-1.34503190573306,-1.00863505080203,-1.02000221251537
"SP02",10.56,0.4,42.34,39.34,0.01,5.71,0,0,0.01,0.4,1.35,-0.309433559962483,0.0504071416649221,0.0908037411556442,-0.647523887010035,1.61327314907131,1.23204969747359,-0.201753693984323,-1.45190371990161,-1.08945543416709,-1.13149213539608
"SP03",6.45,0.26,50.07,38.98,0.59,0.41,0.07,0,0.03,0.88,2.26,-0.316051244475565,0.0311395034162271,0.0299573233715653,-0.677104352574433,1.71180829413498,1.31235347628624,-0.214147801900429,-1.54856987128769,-1.16259533468682,-1.23413130141566
"SP04",2.92,0.16,52.24,30.31,2.13,0.01,0,0,0.58,0.33,11.56,-0.319738655672166,0.0192278678702416,-0.0184835864123891,-0.70250932151401,1.79865828510372,1.383495111395,-0.225077582442988,-1.63434711937843,-1.22753670447266,-1.32711872362443
"SP05",7.09,0.93,50.33,36.72,0.5,0.01,0,0.03,0.26,0,4.28,-0.321793532309888,0.0118638459988042,-0.0570241749131053,-0.723589119685195,1.87323255560946,1.44497853262954,-0.23446604339541,-1.70862865053282,-1.28381916223251,-1.40972826829033
"SP06",7.14,0.8,18.39,52.23,0.33,0,0,0.35,0.32,0,20.64,-0.322938834727396,0.00731124598892805,-0.087657492461079,-0.740219304105965,1.93502338746627,1.49637453514601,-0.242246971755985,-1.77088840592627,-1.33104328349184,-1.48131435686894
"SP07",6.36,0.21,13.17,52.71,0.1,0,0,0.02,0.56,0.03,27.03,-0.323577284668787,0.00449672394664747,-0.111967565357314,-0.752301411648409,1.98360940674962,1.5373238066631,-0.248365405586351,-1.82068484391815,-1.3688734629884,-1.54131704477483
"SP08",3.18,0.04,0.46,9.71,0.05,0.02,0,0,1.11,0.06,85.55,-0.323933154786128,0.00275671894726058,-0.131211344603224,-0.75976355636579,2.01865849805056,1.56753947160792,-0.252778027294133,-1.85766410967651,-1.39704032853361,-1.58926643673792
"SP09",5.1,0.14,6.2,22.49,0.46,0,0.33,0.1,0.96,2.5,61.95,-0.324131229716711,0.00168100479645075,-0.146383731770065,-0.762560871751591,2.03993011648006,1.58680913393794,-0.255453475500492,-1.88156258904105,-1.41534268877782,-1.62478640365421
"SP10",4.44,0.11,69.13,21.07,0.4,2.25,0,0,0.86,0.12,1.74,-0.265644253710009,0.100765962931217,-0.378079982728669,-1.59640563723919,0.541925509391944,-1.0459706678602,-0.888934564151876,0.790643114130082,1.14740080263543,-0.737454047809422
"SP11",5.62,0.37,57.1,30.06,0.1,5.8,0,0,0.15,0,0.99,-0.291654182820707,0.0622721660093719,-0.343807659423997,-1.6900602760181,0.590678095554628,-1.13964720321934,-0.971182996134241,0.866544230521511,1.25761862486106,-0.835552602000361
"SP12",6.58,0.1,46.15,44.11,0.1,0.69,0,0,0.27,0.38,1.76,-0.306145302130656,0.038474632222693,-0.316460974892444,-1.77362102135099,0.635335065851664,-1.22546607687938,-1.04666194127876,0.93632344221818,1.3589530093636,-0.927106000093322
"SP13",11.45,1.59,40.77,42.66,0.1,1.16,0.01,0,0.04,0.26,2.08,-0.31421913086488,0.0237625578272141,-0.294625050018868,-1.84659671149145,0.675593370634535,-1.30282987220878,-1.11484076695116,0.999487972246626,1.45068680700055,-1.01140022309971
"SP14",2.63,0.05,52.39,40.75,0.89,0,0,0,0.02,0.05,3.36,-0.318717777915583,0.0146672661619873,-0.277170094666606,-1.90855783048326,0.711179589509528,-1.37119960641774,-1.17523979526018,1.05559142425801,1.53217033075241,-1.08777749228907
"SP15",5.06,0.4,52.46,34.33,0.56,0.01,0,0.02,0.16,0.13,7.03,-0.321224603044931,0.00904436948448015,-0.26319295338795,-1.95913907029606,0.741851802708396,-1.43009851288445,-1.22743370148878,1.10423695880927,1.60282598819569,-1.15564142603885
"SP16",6.64,0.65,34.55,55.78,0.12,0.03,0,0.02,0.13,0,2.14,-0.32262168968838,0.00556817295085138,-0.251970378579822,-1.99804151984145,0.767401250846902,-1.47911539463097,-1.27105453415239,1.14508012310908,1.66215240875388,-1.214461722447
"SP17",8.48,0.41,16.26,51.18,0.01,0,0,0.07,0.43,0.03,23.28,-0.323400409220888,0.00341910937859117,-0.242921612904872,-2.02503446755303,0.787653771583203,-1.5179075251618,-1.30579433506586,1.17783131389144,1.70972803600248,-1.26377833073976
"SP18",2.75,0.2,8.26,16.87,1.78,0,0,0.56,0.51,0.02,69.23,-0.323834422275426,0.00209050751356593,-0.235578344639132,-2.03995680645671,0.802471003184222,-1.54620307599306,-1.33140734058016,1.20225785564022,1.74521415904736,-1.30320507844815
"SP19",6.16,0.11,33.56,18.35,0.26,0,0.03,0.52,0.96,0.81,39.51,-0.324076028282386,0.00126913356281252,-0.229560481216623,-2.04271803296982,0.811751346574828,-1.56380305346435,-1.34771174806694,1.21818567907923,1.76835736092731,-1.3324327255309
"SP20",2.11,0,62.44,27.12,0.41,1.93,0,0.02,0.67,0,5.51,-0.259968873247658,0.0375359363633964,-0.869413950480753,-0.78843089061242,-1.14995703951653,-0.356976282248856,1.31846959783358,0.0306147570407047,-1.24322898374481,-0.346216924708532
"SP21",5.16,0.08,61.44,24.61,0.49,6.02,0,0.02,0.01,0,2.39,-0.288492035304397,0.0231821344466485,-0.735388047777269,-0.837478677942654,-1.24392339064606,-0.387890024691474,1.44334342602498,0.034176070455417,-1.36198685479324,-0.393081705685922
"SP22",4.88,0.2,51.78,40.33,0.28,1.16,0,0.04,0.04,0,1.39,-0.304383293284191,0.0143083724633035,-0.628541075153609,-0.88141661537956,-1.3295767444288,-0.4161630963829,1.55806495502543,0.0374764072361978,-1.47114436971597,-0.436845552062052
"SP23",3.78,0.2,49.29,44,0.51,0.2,0,0,0.03,0,2.22,-0.313237146339107,0.00882245391893608,-0.543345791066014,-0.919986569339853,-1.40633576102118,-0.441598688270478,1.6618278369365,0.0404924744088453,-1.56992911481086,-0.477167204382003
"SP24",2.54,0.15,58.19,36.81,0.16,0,0,0,0.01,0,2.21,-0.318170346202654,0.00543095499169308,-0.475395076179881,-0.952961660937335,-1.47367902280431,-0.464019601728716,1.75390220580979,0.0432029711775506,-1.65764156096608,-0.513732069125251
"SP25",4.85,0.19,54.53,33.61,1.41,0,0,0.07,0.27,0.14,5.17,-0.320919258439081,0.00333426242312825,-0.421173909603254,-0.980147617877848,-1.53114860464023,-0.483269492048692,1.83363984682248,0.0455887403119295,-1.73366005064179,-0.5462546845042
"SP26",6.08,0.68,45.37,37.66,1.08,0,0,0.02,0.17,0.09,9.02,-0.32245120739511,0.00203804293050391,-0.377877507920186,-1.00138393693345,-1.57835321742689,-0.49921396816386,1.90047879711231,0.047632904557212,-1.79744523913751,-0.57448096126075
"SP27",6.66,1.31,33.71,42.49,0.21,0,0,0.16,0.13,0.08,15.4,-0.323305052987647,0.00123669153766375,-0.343266215289326,-1.01654484993878,-1.61497090317027,-0.511741540810425,1.95394734535528,0.0493209870892967,-1.84854395816648,-0.598190180776288
"SP28",6.23,0.91,43.56,40.15,0.44,0,0,0.23,0.91,0.12,7.69,-0.323780912214044,0.000741277942388985,-0.315549635074048,-1.02554008739265,-1.64075126280279,-0.520764412363781,1.99366740134838,0.0506410151477922,-1.88659247380051,-0.617196734681216
"SP29",6.19,1.83,44.33,30.82,0.63,0.01,0,1.16,3.47,0.36,11.29,-0.324045823643314,0.000435002036134845,-0.293294006941356,-1.0283154349249,-1.65551720111832,-0.526219102684607,2.01935721124656,0.051583606097569,-1.91131911509459,-0.631351592147281
"SP30",1.82,0.06,56.54,32.09,1.14,0,0,0.3,2.07,0.03,6.11,-0.259966344580311,-0.0376280607066153,-0.869495216534726,0.866208445094499,-0.539853501247849,1.35498764899066,-0.465839553426472,-0.737321113163554,1.26666942325201,0.178583632018751
"SP31",11.24,0.85,47.43,33.63,0.57,0.32,0,0.12,0.06,0,5.86,-0.288490164804578,-0.0232856114603405,-0.735450293167608,0.908388489183879,-0.582333211382838,1.47984258033348,-0.508332572695822,-0.80677514627474,1.38818416290558,0.200372552857142
"SP32",6.82,0.12,66.08,23.43,0.42,0.28,0,0.01,0.04,0,2.91,-0.304381761241221,-0.0144188797168957,-0.628588416527267,0.945476191947623,-0.620975219812474,1.59438065070969,-0.547301144901764,-0.870570455089334,1.49989691428005,0.220644054978918
"SP33",2.41,0,53.33,42.64,0.02,0.05,0,0.02,0.03,0,1.63,-0.313235782125196,-0.00893731490618631,-0.543381459076624,0.977253423303639,-0.655517287828488,1.69780487745087,-0.582471402672852,-0.928256661552361,1.60101736248034,0.239240067997584
"SP34",2.66,0.03,44.02,51.33,1.03,0.02,0,0,0.01,0,0.97,-0.318169058955377,-0.00554851228805818,-0.47542160498491,1.00353298829365,-0.68572479817112,1.78939506882422,-0.613595987489585,-0.979426218455866,1.6908296119811,0.256015503366145
"SP35",4.34,0.43,55.16,35.61,0.32,0.03,0,0.08,0.43,0.01,3.73,-0.320917999860788,-0.00345348956895809,-0.421193286183782,1.0241597459697,-0.711392361380363,1.86851287439157,-0.640455801389511,-1.02371730808493,1.76869728857043,0.270839391700416
"SP36",4.24,0.17,54.06,23.05,3.29,0,0,0,0.2,0.02,15.09,-0.322449951835029,-0.00215830410072957,-0.377891289709033,1.03901154186118,-0.732345225693771,1.93460627132918,-0.662861561933163,-1.06081642107355,1.83406808403553,0.283595911006246
"SP37",9.7,0.73,25,26.58,1.18,0,0,0.52,0.89,0.12,35.43,-0.323303786805183,-0.00135759269407706,-0.343275622812674,1.04799994832052,-0.748440480720917,1.98721345491918,-0.680655149305398,-1.09046059694443,1.88647771088163,0.294185297692466
"SP38",2.88,0.19,27.41,28.14,0.07,0,0,0.4,0.28,0.18,40.52,-0.323779628115469,-0.00086257460170707,-0.315555624903153,1.0510708081629,-0.759568046508841,2.02596610552418,-0.693710735872038,-1.11243931016927,1.92555323850391,0.302524633155761
"SP39",3.69,0.33,41.82,29.15,0.37,0,0,0.05,0.28,0.08,24.4,-0.324044517677484,-0.000556542051895871,-0.293297329137458,1.04820457816093,-0.765651441056524,2.05059200865595,-0.701935690026724,-1.12659598806637,1.95101578656884,0.308548499685354
"SP40",10.03,0.17,34.87,37.51,6.39,0,0,0.44,3.07,0,7.63,-0.265637117173746,-0.100861691132486,-0.378285409142151,1.36259505559105,1.22172823385054,-0.202921963617397,-0.647682912549359,1.21105880324006,-1.08751871837187,0.710993748778239
"SP41",8.09,0.36,49.97,26,3.85,0.24,0,0.42,0.85,0.1,10.28,-0.291648811001447,-0.0623776493117502,-0.343967084061703,1.43206259836525,1.32763963572121,-0.21978486295272,-0.707173257677182,1.32675309405141,-1.19121063631376,0.802322341944533
"SP42",5.4,0.32,64.12,25.53,1.82,0.12,0,0.09,0.08,0,2.73,-0.306140833493173,-0.0385862398401087,-0.316583892615425,1.49338023313709,1.42447523563603,-0.235174106800163,-0.761747046419723,1.43308980370082,-1.28651044813765,0.887450807660374
"SP43",1.24,0,53.49,36.9,1.43,0.05,0,0.1,0.07,0,6.76,-0.314215105879688,-0.0238780107145516,-0.294718990695146,1.54618757577845,1.51157827323775,-0.248982613994312,-0.811020859204437,1.52931846799161,-1.37274413738482,0.96571556725207
"SP44",1.73,0.12,50.92,36.08,0.9,0.02,0,0.14,0.25,0.01,9.92,-0.318713952013745,-0.0147851335870084,-0.277241029948282,1.59017380217152,1.58835753231372,-0.261114226702196,-0.854648260193716,1.61475947878612,-1.4493013772522,1.03650621108798
"SP45",1.18,0,55.48,41.59,0.01,0,0,0,0.47,0,1.34,-0.321220846289342,-0.00916375311967559,-0.263245619672102,1.62507950333406,1.65429138408868,-0.271484384866844,-0.892322249475344,1.68880891526146,-1.51563987851262,1.09927028101063
"SP46",2.07,0.08,46,45.72,0.09,0,0,0.09,1.62,0,4.42,-0.322617933087056,-0.00568850860047388,-0.252008533441046,1.65069824161176,1.70893136299877,-0.28002072068737,-0.923777440729109,1.75094284591856,-1.57128926064727,1.15351760507654
"SP47",3.94,0.03,42.88,39.48,0.1,0,0,0.04,1.39,0.02,12.21,-0.32339661607542,-0.00354004249949071,-0.242948238734658,1.666877798448,1.75190525021761,-0.286663568920194,-0.948791948798806,1.80072107046153,-1.61585441834246,1.19882415040612
"SP48",2.31,0.09,61.09,32.99,0.02,0,0,0.06,0.18,0,3.35,-0.323830572937269,-0.00221181501738412,-0.235595810404531,1.67352110603332,1.78291964350825,-0.291366389365534,-0.967188973615813,1.83779027457554,-1.64901835903453,1.23483536366355
"SP49",1.8,0.12,42.78,36.42,1.04,0,0,0.17,0.29,0.06,17.4,-0.324072112073614,-0.0013906746229794,-0.229570671008159,1.67058685697816,1.80176199542844,-0.294096098509336,-0.978838069035616,1.86188657473963,-1.67054449089532,1.26126897264542
"SP50",8.08,0.32,32.46,23.41,6.59,0,0,0.21,0.62,0,28.4,-0.276227286685311,-0.132088382635042,0.262876278739435,0.103334516494503,0.864863856097684,-1.10114252695041,1.28517816531044,-1.04270765854308,0.778576736321345,1.12469332564644
"SP51",3.39,0.22,54.09,30.95,8.15,0,0,0.09,0.05,0,3.12,-0.297547946702411,-0.0816823238433361,0.167020038048884,0.103460530117598,0.940641586576988,-1.19954609701925,1.40661895321407,-1.14100753422563,0.853238054597632,1.26991433865179
"SP52",3.14,0.76,55.85,27.47,0.39,0.25,0,0.31,0.04,0,11.97,-0.309426497354559,-0.0505206133289307,0.0906593563307691,0.103197808582527,1.00996173423387,-1.2896830489299,1.51817154453631,-1.23130004224925,0.921874156212923,1.40530000272485
"SP53",3.59,0.13,63.75,27.06,0.2,0,0,0.02,0.12,0,5.22,-0.316044740268249,-0.0312559893206352,0.0298442489127087,0.102547737890707,1.07235434962331,-1.37092655684763,1.61905254682429,-1.31294815971297,0.983999788673648,1.52979532079782
"SP54",2.01,0.04,55.66,40.73,0.01,0.04,0,0.01,0.08,0,1.55,-0.319732387146007,-0.0193462985319396,-0.0185709765147376,0.101513968115065,1.12739612777863,-1.44271123043154,1.70855301814826,-1.38537545203825,1.03917542783736,1.64242964550134
"SP55",3.44,0.22,50.84,43.27,0.02,0,0,0,0.18,0,2.18,-0.321787328166169,-0.0119835301999159,-0.0570904898503178,0.100102393732707,1.17471330132194,-1.50453707647879,1.78604348178285,-1.44807016891488,1.0870104073182,1.74232428065713
"SP56",1.88,0.02,44.69,45.29,0,0,0,0,0.61,0,7.66,-0.322932604039511,-0.00743173733178637,-0.0877065100732451,0.0983211208106608,1.21398420078486,-1.55597300982537,1.85097838778818,-1.50058888792549,1.12716570552693,1.82869937242799
"SP57",2.01,0.07,26.37,58.93,0.04,0,0,0.06,0.05,0.04,12.62,-0.323570979019053,-0.00461773424860048,-0.112002384349109,0.0961804212204717,1.2449414644488,-1.59665988864834,1.90289998962229,-1.54255967970562,1.15935637031089,1.90088003579054
"SP58",1.69,0.05,42.17,49.78,0.73,0,0,0,0.17,0.04,5.46,-0.323926748154131,-0.00287806206523557,-0.131234509545237,0.0936926741337862,1.26737388236552,-1.6263130525886,1.94144160798249,-1.57368477183864,1.18335356369598,1.95830166789393
"SP59",0.81,0,33.6,37.48,7.99,0,0,1.07,0.04,0.8,18.37,-0.324124707841063,-0.00180256016939682,-0.146397335841828,0.0908722951258357,1.28112786167861,-1.64472434554302,1.96633025834158,-1.59374269219198,1.19898621189635,2.00051440615287
"SP60",1.78,0.84,47.16,42.71,3.91,0,0,0.04,0.05,0,3.56,-0.290328725702824,-0.121393899291572,0.608475616650561,-1.38305996730679,-0.92570539623377,0.8569296798652,-0.584358545705059,0.458471841505298,-0.271857659816232,1.32329764106488
"SP61",4.27,3.75,24.93,61.3,2.6,0,0,0.12,0.28,0.05,2.76,-0.305403066591551,-0.0750706281902386,0.442449804665962,-1.46456552455731,-1.00045994220024,0.936220854370288,-0.637789911899953,0.502570403266747,-0.297496979948195,1.49421650667882
"SP62",1.58,0.01,45.15,48.19,1.23,0,0,0.06,0.63,0.07,3.19,-0.313801683268254,-0.0464330274511374,0.310167567487462,-1.53730690666003,-1.06855532019453,1.00897205473317,-0.686793567663665,0.543113897248245,-0.32104865717953,1.65355903155662
"SP63",5.02,1.23,50.31,40.63,0.2,0,0,0,0.11,0,2.63,-0.318481181420107,-0.0287288922436611,0.204785681343702,-1.60085739581715,-1.12952999108622,1.07467762899134,-0.731025501831006,0.579816423326103,-0.342346248533861,1.80008399901196
"SP64",8.48,1.51,42.94,42.97,0.35,0.05,0,0.05,0.03,0,3.75,-0.321088701274013,-0.0177839498194125,0.120852741171783,-1.65484375174581,-1.18297035992657,1.132880582654,-0.770174989308956,0.612418996307242,-0.361239140924032,1.93264945434898
"SP65",1.93,0.51,53.82,39.34,0.19,0,0,0,0.05,0.09,4.13,-0.322541863616338,-0.0110176237716655,0.0540270743602037,-1.69894843071511,-1.22851360220375,1.18317577811508,-0.803966787965203,0.640691384838691,-0.377593622933382,2.05022164339977
"SP66",3.01,0.19,52.02,41.23,0.36,0,0,0.01,0.04,0,3.34,-0.323351855848229,-0.00683457389882009,0.000852084541270642,-1.73291148102944,-1.26585014892759,1.22521277670928,-0.832163088520574,0.664433749269838,-0.391293838155821,2.15188311518206
"SP67",2.22,0.1,54.29,40.74,0.04,0,0,0,1.45,0.02,1.28,-0.323803415654209,-0.00424854208359942,-0.0414226021545487,-1.75653210348052,-1.2947258133699,1.25869830331615,-0.854565203523875,0.683478066727942,-0.402242613246056,2.23683992482988
"SP68",2.41,0.15,43.16,51.8,0.03,0,0,0,0.8,0.09,1.69,-0.324055083665238,-0.00264981092722606,-0.0749834451046771,-1.76966986723577,-1.31494354469227,1.28339831601584,-0.871014983302083,0.697689333153676,-0.410362154708334,2.30442787989123
"SP69",1.09,0,36.26,53.1,0.43,0,0,0.16,0.2,0.19,8.72,-0.324195023429357,-0.00166144465198248,-0.101566116530245,-1.77224557363588,-1.32636479620339,1.299139666024,-0.881395948680975,0.706966533604228,-0.415594609372768,2.35411778048171
"SP70",2.48,0.04,42.24,46.86,2.32,0.21,0,0.05,0.03,0.05,5.88,-0.300668844996607,-0.0720866582191505,0.434370473648889,-0.25932441802498,-0.0807135867388664,0.0350814087571421,-0.024585054886999,0.0112525260235298,-0.00826535217184009,-0.163616479982114
"SP71",1.63,0.03,41.52,51.18,2.62,0,0,0.12,0.03,0.2,2.76,-0.304480701288197,-0.0445001429926524,0.311202533834061,-0.225820401060928,-0.0699136081866006,0.0306914481914719,-0.0212859246567395,0.0098594106768723,-0.00716728514541561,-0.142811159036223
"SP72",3.21,0.41,35.04,57.51,1.67,0.01,0,0,0.06,0.05,2.18,-0.301292932430448,-0.0273915715185597,0.214989832220971,-0.190783503210987,-0.0587416363104218,0.0260381336130662,-0.0178751793941543,0.00837661891152451,-0.00602794972439405,-0.120854099593939
"SP73",1.91,0.32,47.1,46.44,0.31,0,0,0.04,0.52,0.01,3.51,-0.289982768355882,-0.0167270151857115,0.140754842962151,-0.154417885698073,-0.0472730417819157,0.0211536711103508,-0.0143766637194364,0.00681456431037386,-0.00485536514970331,-0.0979158034976533
"SP74",6.66,0.91,57.73,30.59,0.15,0,0,0.01,0.24,0.01,3.93,-0.266567668590093,-0.0099919580440202,0.0846571823909508,-0.116935558894366,-0.035585229067581,0.0160718813093374,-0.0108148457978988,0.00518422187362606,-0.00365778804739817,-0.0741744604132244
"SP75",4.33,0.65,48.33,28.61,2.84,0,0,0.15,0.78,0.32,14.12,-0.222803171028117,-0.00559840234981977,0.0437948651684376,-0.0785551493433114,-0.0237571144026862,0.0108279657641075,-0.00721464631636325,0.00349705110967734,-0.00244365433963134,-0.0498145657220831
"SP76",2.68,1.16,37.72,20.55,1.53,0.12,0,0.28,2.56,0.06,33.47,-0.143280215878827,-0.0025104396820457,0.0160541213911858,-0.0395006269871753,-0.0118685931303314,0.00545826358719408,-0.00360126415874263,0.00176491565702126,-0.00122151984696498,-0.0250254884014743
"ST82",5.29,0.11,5.27,83.95,0.02,1.24,0,0,0.08,0.03,4.09,1.64666319138295,3.38024133625766,3.64863690379044,0.540239776476626,-0.198800819535245,-0.117412665946593,-0.0771482872673949,-0.0465939150330986,-0.0187687349879281,0.116743315134662
"ST83",4.29,0.02,48.46,28.99,0,16.93,0,0,0,0.04,1.35,0.773713213364078,2.08967722212422,2.86521028111553,0.649985296755652,-0.344835072001711,-0.271534570061464,-0.216176394228807,-0.150886185258317,-0.0647892743969947,0.043088898042919
"ST84",11.67,5.57,19.61,45.24,0.03,12.16,0,0,0.32,0,5.62,0.287385650398518,1.29183927467678,2.2408666228248,0.756155103005559,-0.488641158118877,-0.423826209360381,-0.353729310182401,-0.254138204789585,-0.110362643030704,-0.0308585436003229
"ST85",3.4,0.08,24.28,57.29,0.78,1.48,0,0,0.15,0.29,12.38,0.0164479057612624,0.798608057251537,1.74330297978472,0.858128778576423,-0.629247387793995,-0.57323203439776,-0.488844129263817,-0.355623851721377,-0.155167658864065,-0.104524332045992
"ST86",3.92,0.06,29.95,58.56,0.75,0.05,0,0,0,0.26,6.68,-0.134494614892373,0.493687162127528,1.34677675098397,0.955310063188013,-0.765703236906011,-0.71871601926378,-0.620574581855603,-0.454629102984271,-0.198888412295366,-0.177335748448682
"ST87",8.47,0.36,31.48,55.95,0.04,0.52,0,0,0.06,0.06,3.25,-0.218586829035183,0.305181422493461,1.03077344523608,1.047130353493,-0.897085784904635,-0.859268856849552,-0.747997671305521,-0.550457065001465,-0.241216496605937,-0.248726487628119
"ST88",6.45,0.15,36.04,55.49,0.05,0.3,0,0.01,0,0.17,1.43,-0.265436142367204,0.188644718192726,0.77894504279675,1.13305204585254,-1.02250597177947,-0.993914975318126,-0.870220153566237,-0.642432888285604,-0.281853187490767,-0.318141066523413
"ST89",9.06,0.05,43.22,43.98,0,0.84,0,0,0.05,0.03,2.91,-0.291537072250497,0.116600082971654,0.578264001131115,1.21257170157705,-1.14111463187724,-1.12171932690263,-0.986384814178368,-0.729908531251085,-0.320511556228269,-0.385039151990951
"ST92",8.56,1.01,36.71,40.21,0.02,12.25,0,0,0.16,0.02,1.1,3.3426214115812,5.68736185467758,4.81764098663461,0.44472574853005,-0.0535933690707318,0.0389762237285059,0.0648868264312048,0.0603343842191108,0.0284738685473543,0.197142161540764
"ST93",15.63,1.87,51.16,19.96,0,10.21,0,0,0.25,0,1.02,1.71854644264938,3.51596458044927,3.79685786247595,0.531934350399668,-0.0742483391750279,0.119517606897365,0.22328385989822,0.229867135523791,0.117375174271192,0.0677327962938362
"ST94",0.91,0,23.47,13.28,0.07,61.58,0,0,0,0,0.71,0.813761272403232,2.17358742181808,2.98335353797884,0.616255607015086,-0.0945021212476594,0.199180304052693,0.380081202827608,0.397763650755218,0.205440374197763,-0.0621610746427891
"ST95",1.73,0.02,19.48,60.07,0.15,16.79,0,0,0.05,0.1,1.66,0.309697168808681,1.34371642598091,2.33503823178516,0.697196718434968,-0.1142178137608,0.277412171174987,0.534181213254207,0.562843158256268,0.29204880231601,-0.191529932306714
"ST96",6.72,0.51,18.92,67.09,0.71,0.35,0,0,0.12,0.15,5.52,0.0288777363295462,0.830680964476671,1.81836997201247,0.774284347213619,-0.133262086618788,0.35367073058761,0.684504638418237,0.723944169855437,0.376589782914012,-0.319367932192697
"ST97",3.5,0.08,20.65,66.58,0.44,0.02,0,0,0.06,0.16,8.54,-0.127570251110151,0.513516187970371,1.40661873153204,0.847067397755853,-0.151506084633817,0.427426938328207,0.829998184184485,0.879932664315053,0.458466942311113,-0.444680728461893
"ST98",2.79,0.13,21.16,72.87,0.64,0,0,0,0.19,0.19,2.08,-0.214729777645112,0.317440711171306,1.07848313872042,0.915119668747968,-0.168826301592032,0.49816886177349,0.96964190943049,1.02971008481018,0.53710242357657,-0.566493215026141
"ST99",3.65,0.1,53.37,38.97,1.9,0.93,0,0,0,0.06,1.07,-0.263288014936001,0.196224034050965,0.816988157939536,0.978042362992181,-0.185105418964763,0.565405241900986,1.10245639339334,1.17222109393125,0.611940974392799,-0.683857123187298
"SU02",5.81,0.2,66.1,14.9,0,12.19,0,0,0.02,0.01,0.84,4.86240383740102,6.18889781336935,2.69473657750037,-0.170842003075642,0.164812198453906,0.0738451414829446,-0.0206274078143425,-0.0674511011554942,-0.0443031177659764,0.221369584715071
"SU03",10.86,1.81,55.03,19.36,0.6,9.34,0,0,0.33,0.01,2.79,2.56523040558936,3.82601948550564,2.10499533780629,-0.229204674654972,0.333011152687436,0.206780618943008,-0.0415332854187974,-0.2255824388071,-0.163519730578662,0.0751427381971696
"SU04",0.36,0,23.49,8.99,0.02,66.12,0,0,0,0.23,0.85,1.28545695330842,2.36526702556487,1.63500791912277,-0.286014968631125,0.498861334749734,0.338232888321804,-0.0621858962271028,-0.382148389136015,-0.281593620528263,-0.0716261845955344
"SU05",1.76,0,29.6,24.24,0.04,42.64,0,0,0.01,0,1.73,0.572483707371794,1.46221522955846,1.26045785256568,-0.340941070654274,0.661242143893246,0.467290835273486,-0.0824406448435426,-0.536047847033945,-0.39769261616407,-0.217796511124015
"SU06",0.96,0,48.57,35.81,0,11.08,0,0,0.01,0,3.73,0.175279050965789,0.903938582511545,0.96196713449044,-0.393661984479492,0.819055895671977,0.593059526724968,-0.102155656088473,-0.68619796793568,-0.510998093642036,-0.362231762445939
"SU07",1.71,0,46,48.34,0.1,0.96,0,0,0.02,0,2.98,-0.0460083230497172,0.558805151984535,0.724093375745941,-0.443869414878509,0.97123525558548,0.714666426125223,-0.121192770254867,-0.831541797365628,-0.620710756801415,-0.503808493626962
"SU08",6.99,0.87,7.54,79.04,1.33,0.12,0,0,0.09,0,4.11,-0.169290582381603,0.345439080838448,0.534530652085322,-0.491269578391575,1.11675047447534,0.831267459010621,-0.139418513233517,-0.971055725116401,-0.726056286096356,-0.641425039905241
"SU09",1.4,0.06,24.04,56.05,5.54,0,0,0,8.03,1.39,3.59,-0.237973220073071,0.213533109217501,0.383472687883847,-0.53558493123968,1.25461637651248,0.942052886635241,-0.156705034680697,-1.10375671138897,-0.826290816384556,-0.774010100457019
"SU12",6.92,0.47,50.72,25.05,4.74,5.24,0,0,0.29,0.06,6.61,6.00395858193629,4.72562106001944,-1.24498953653748,-0.560460501122331,0.0488090752380099,-0.101023801297908,-0.064485881273006,0.034458655434086,0.0497624260822169,0.183467789961823
"SU13",4.05,0.67,51.14,22.87,3.75,7.75,0,0.01,0.01,0.16,9.92,3.20119946123028,2.92140505913867,-1.03479422544963,-0.71089802352103,0.116622151602227,-0.230580068262358,-0.177048468210001,0.137309329890978,0.199001431935453,0.0634590888674558
"SU14",2.54,0,27.73,11.79,0.02,51.38,0,0.05,0.02,0.02,6.58,1.63976085862257,1.80602303820758,-0.867275879923854,-0.856973687555208,0.18354763013531,-0.358589769011842,-0.288409631304763,0.239174457016805,0.346829363332808,-0.0570008934203074
"SU15",2.02,0.11,34.21,18.1,0.2,44.18,0,0.04,0.03,0,1.26,0.769869856071419,1.116482961568,-0.733766843842885,-0.997834166655378,0.249133366682076,-0.484165649487636,-0.397789809114731,0.339337685030267,0.492204406475032,-0.176975997966306
"SU16",6.08,0.32,45.96,44.76,0,0.34,0,0,0.01,0,2.59,0.285245020655663,0.69020179195827,-0.627359304094294,-1.13265611289466,0.312936058017381,-0.606436922573719,-0.504422958586276,0.43709431189803,0.634101571881419,-0.295533459466711
"SU17",1.22,0,58.9,37.1,0,1.91,0,0,0,0,1.02,0.0152550729376547,0.426669677354489,-0.542547795614812,-1.26065098804921,0.374524243489216,-0.724555315818706,-0.607561927787477,0.531756250135039,0.771519931088666,-0.411751161682455
"SU18",2.05,0,13.44,45.72,0.17,0.91,0,0.09,0.48,0.01,37.35,-0.135159869436425,0.263750688245723,-0.474944290085016,-1.38106969651982,0.433481229389693,-0.837700968483076,-0.706483701124801,0.622656879110523,0.903489690100589,-0.524724815872884
"SU19",1.3,0,42.13,49.62,1.25,0.06,0,0.01,1.4,0.4,3.9,-0.218958412311464,0.163031868570905,-0.421051119834138,-1.4932069927736,0.489407916188391,-0.945088136830921,-0.800494480148179,0.709155750577334,1.02907904950781,-0.633575006296083
"SU22",20.47,3.43,32.9,39.15,0.1,1.24,0,0,0.05,0.59,2.19,6.61550757099417,1.76208913796914,-4.26404234219235,-0.252019340007264,-0.185025812013999,-0.0434919809540234,0.0710646689674269,-0.00395994515609683,-0.0595415240350876,0.0928520629325718
"SU23",9.17,0.77,43.56,22.57,0,21.79,0,0,0,0.02,2.27,3.54189639714083,1.08931782125079,-3.44084059546457,-0.329482987456259,-0.318846737314615,-0.0866003470161847,0.24103731709697,0.000671380605811475,-0.220559980688587,0.0357089457012354
"SU24",6.16,0.44,39.61,21.88,0.01,27.56,0,0,0,0.01,4.52,1.82956517281632,0.673405046704607,-2.784790765982,-0.404809664924499,-0.450615180451308,-0.129159588125052,0.409286294418219,0.00527762255245298,-0.380034104416297,-0.0216698379997908
"SU25",8.76,0.56,50.27,14.88,0,24.09,0,0,0,0,1.52,0.875611256293885,0.416283892814701,-2.26194838174302,-0.477559453043981,-0.57944087783347,-0.170874734805931,0.574633967941362,0.00982639977823638,-0.536840108423598,-0.0788384142556247
"SU26",17.84,2.85,54.79,20.61,0,2.26,0,0.01,0,0,1.85,0.344154558748461,0.257328922329142,-1.84526198732813,-0.54730723597358,-0.704453034638467,-0.211456535093179,0.735922490431531,0.0142857211862559,-0.689872513681169,-0.135352365882896
"SU27",5.39,0.04,58.38,34.6,0.09,0.29,0,0.16,0.06,0,1.07,0.0480743190561993,0.159061136174703,-1.51317315583336,-0.613645194881024,-0.824806221817989,-0.250623463367889,0.892021919813278,0.0186242107580207,-0.838051953192909,-0.190772188900517
"SU28",1.95,0,54.78,40.29,0.51,0.6,0,0.02,0,0,2,-0.116875686933805,0.0983107579992458,-1.24850081507806,-0.67618520305314,-0.939686107063832,-0.288103677415834,1.04183815032445,0.0228113286938953,-0.980332799004438,-0.244666713538841
"SU29",3.97,0.98,49.86,41.58,0.2,0,0,0.08,0.21,0,3.18,-0.208771811626332,0.060754046900453,-1.03755213473236,-0.734561108507324,-1.04831498078944,-0.323636910071341,1.18432059964137,0.0268175868631903,-1.11571055795607,-0.296616463134344
"SU32",20.14,2.7,26.01,39.09,1.66,1.05,0,0,0.36,1.71,7.46,6.6157220212495,-1.76083092820235,-4.2646490735067,0.380648252083989,-0.100874528189729,0.100885043222097,-0.0389488468248145,-0.0433869631592346,0.0562150139814953,-0.0281574302748423
"SU33",6.95,0,55.39,28.09,3.75,2.43,0,0.03,0.15,0.42,2.94,3.54201256948208,-1.08858529757526,-3.44131564380143,0.452505647201296,-0.16196533654975,0.272414875997719,-0.0973075458867818,-0.13792834419151,0.220820348180139,-0.00103238235709598
"SU34",7.81,0.45,52.26,25.29,1.7,0.76,0,0.01,0.14,0.1,11.64,1.82962820568597,-0.672997963046578,-2.78516225685909,0.521939913678367,-0.222062987201599,0.44200736547212,-0.155022915737539,-0.231520789842215,0.383861280428458,0.0261424175067111
"SU35",12.39,1.84,42,27.73,0,15.48,0,0,0,0,0.65,0.875645607305423,-0.416078287979328,-2.26223846961233,0.588545395779502,-0.280761483845859,0.608487393648323,-0.211691025373807,-0.323506271859022,0.544189069152301,0.053155805139727
"SU36",12.81,0.53,52.31,23.18,1.48,6.03,0,0.67,0.11,0,3.03,0.344173460629818,-0.257248056452054,-1.84548811596516,0.65193272984224,-0.337664096013786,0.770700890293377,-0.266915096603418,-0.413237774378143,0.700673591450343,0.0797977882054419
"SU37",6.73,0.21,66.45,22.1,0.41,2.41,0,0.12,0.01,0,1.62,0.0480849201171578,-0.15905750090372,-1.51334905401855,0.71173112968685,-0.392386045523094,0.927522845404243,-0.32030828625387,-0.50008385132137,0.852211320021175,0.105861179507301
"SU38",1.76,0,56.24,37.9,0.07,1.7,0,0,0.01,0,2.5,-0.116869531713656,-0.0983549407812942,-1.24863728292726,0.767590565934681,-0.444557114585919,1.07786512725035,-0.371496401235212,-0.583433078213995,0.997733119494721,0.131143209754722
"SU39",2.84,0.79,48.03,46.03,0.3,0,0,0.06,0.01,0.07,1.93,-0.208768027108335,-0.0608278377549608,-1.03765766450181,0.819183826362418,-0.493824157846017,1.22068405154977,-0.420120527363054,-0.662698366976121,1.13621180698243,0.155447107228161
"SU42",16.67,1.64,29.45,30.59,0.2,2.26,0,0.13,0.19,0.91,18.22,6.0045382444033,-4.72465401330735,-1.24639036918482,0.571120049447033,0.144248400489959,-0.0307680588949875,-0.0506309173045629,0.0574636255106484,-0.0536212088065031,-0.150082306401701
"SU43",6.71,0.02,57.55,24.84,0.84,2.34,0,0,0.09,0.14,7.62,3.20151348171471,-2.92084379379873,-1.03590209499722,0.687692763070748,0.292909548091425,-0.0545313662053516,-0.132206350368945,0.214447745314841,-0.194296555938517,-0.0375586048862965
"SU44",11.32,0.33,55.26,27.23,2.16,1.68,0,0,0.01,0.04,2.17,1.63993129977186,-1.80571630302124,-0.868151294722622,0.800471900227122,0.439493691197522,-0.0779678054544908,-0.212894512557849,0.369904745447688,-0.333613022910651,0.0752985110089904
"SU45",11.41,0.28,52.39,22.38,0.01,12.97,0,0,0.04,0,0.66,0.769962834223083,-1.11633590160327,-0.734457825688188,0.908798819304899,0.583010930423538,-0.100914991973456,-0.292130814365447,0.52274188349836,-0.470589212672661,0.187612279581779
"SU46",19.3,2.77,21.95,37.89,1.58,0.59,0,0.52,0.56,0,15.01,0.285296295272993,-0.690154913031333,-0.627903960696389,1.01204051098361,0.722491636248947,-0.123213860223204,-0.369360583412661,0.671884367902915,-0.604259797415945,0.298509824788857
"SU47",8.93,0.43,64.76,20.86,0.07,1.31,0,0.24,0,0.06,3.38,0.015283953875902,-0.426685659517888,-0.542976363951046,1.1095933118967,0.856993011747126,-0.144709768184777,-0.444042952925092,0.816282926656227,-0.733682330978286,0.407128943644945
"SU48",4.57,0.13,60.46,30.33,0,0.37,0,0,0,0,4.11,-0.135142972971283,-0.263806118457091,-0.475280759324477,1.20088645077223,0.985605479821693,-0.165253572039007,-0.515654656875242,0.954921202961988,-0.85794390573959,0.512624815852703
"SU49",2.93,0.07,50.98,33.9,1.71,0,0,0.15,0.38,0,10.11,-0.218947899558296,-0.163112056774178,-0.421314520229442,1.28538540611849,1.10745885157422,-0.184702663650313,-0.583693705104811,1.0868229255914,-0.976167606896337,0.61417658339583
"SU52",11.77,0.08,62.02,22.68,0,1.87,0,0,0.01,0.52,1.09,4.86317582200051,-6.18837032023584,2.69349695578342,0.0889056754129836,0.0951675560840698,-0.108001608733522,0.0714645205970127,-0.0605690355027974,0.0347163498220916,-0.243732430602825
"SU53",11.89,0.47,53.78,29.69,0.13,0.89,0,0.59,0.32,0.09,2.33,2.56564869116172,-3.82571815289872,2.1039848004621,0.0919237364920109,0.201271162949236,-0.244211820183553,0.236900548946846,-0.194379320771874,0.135884695724229,-0.0649699144055035
"SU54",13.62,0.67,62.43,19.39,0,1.06,0,0,0,0.74,2.21,1.28568422477272,-2.36511352285471,1.63418507518983,0.0946214958536169,0.305916571267407,-0.378782189935343,0.400642810128614,-0.326844550146217,0.236087230688839,0.114338785782244
"SU55",9.36,0.81,59.46,23.46,0.01,4.41,0,0,0.12,0.04,2.55,0.572608022321903,-1.46215818483859,1.25978878745868,0.0969830934163612,0.408397297556388,-0.510780659945126,0.561545907062568,-0.457033812721571,0.334618273566,0.292800973759102
"SU56",18.62,1.58,23.89,40.58,0.81,0.17,0,0.53,0.81,0.28,12.88,0.175347999558844,-0.903944373073444,0.961424062480395,0.0989946215703241,0.508021165966733,-0.639292592023124,0.718483825800692,-0.584031806086503,0.430783623012938,0.46903000879279
"SU57",19.7,2.02,44.93,27.55,0.3,1.88,0,0,0.06,0,3.64,-0.0459690637623451,-0.558851813130785,0.723653534758408,0.100644207779733,0.604114991687117,-0.763427115346018,0.870357826763283,-0.706945280411086,0.523905455201938,0.641656085623543
"SU58",3.14,0,61.23,20.11,4.22,3.88,0,0.04,0.3,0,7.14,-0.169267183337321,-0.345512288474023,0.53417539729314,0.101922085389179,0.696029140100326,-0.882323314591421,1.0161041516315,-0.824909332798016,0.613327110161196,0.809336891671298
"SU59",3.34,0.48,57.63,18.58,5.89,0,0,0.26,2.71,0.06,11.22,-0.237958247699351,-0.21362353691644,0.383186748377741,0.102820652205042,0.783141930738793,-0.995156215616234,1.15470149172665,-0.937093507453115,0.698417732883691,0.970768058443326
"SU62",12.31,0.64,52.92,28.33,0,4.33,0,0,0.04,0.39,1.15,3.34335355872573,-5.68721707207257,4.81737234714255,-0.482097245740303,-0.156394351097026,0.0608331760653697,-0.0476702211066698,0.0191382454225462,-0.0157614166145269,-0.287355150434042
"SU63",11.66,1.64,47.3,37.58,0,0.15,0,0,0,0.04,1.77,1.71894352598833,-3.51589360730057,3.7965843319692,-0.612899731099802,-0.26321951723907,0.169698210393381,-0.121035718927758,0.0788965690522401,-0.050643423306,-0.0769389620411109
"SU64",14.71,1.47,52.17,28,0.01,0.46,0,0,0,0.43,2.95,0.813977679767795,-2.17357238820541,2.98308843408364,-0.739916072904534,-0.36836935796549,0.277338132636458,-0.193592520751696,0.13808047805444,-0.0851782502705174,0.134116189950608
"SU65",10.82,1.42,33.39,34.38,0.19,0,0,0.03,0.03,0.47,19.39,0.309816362588668,-1.34374249352044,2.33478991656974,-0.862405255218389,-0.471134123686163,0.383007676426168,-0.264833214308026,0.196274189360346,-0.119122752156111,0.344171465194619
"SU66",11.77,5.17,33.15,40.06,0.71,0,0,0,1.19,1.63,6.56,0.0289447622521887,-0.830736562141071,1.81814327237298,-0.979652293390435,-0.570819863552253,0.485974913626464,-0.334259386184754,0.253068709499676,-0.15223784240701,0.551595195228638
"SU67",13.66,0.77,24.8,37.49,0.73,0.25,0,0.01,3.76,1.05,17.75,-0.127531124515753,-0.513592646164734,1.40641599519018,-1.09097242285498,-0.666753120184801,0.585526331823371,-0.401385113908263,0.308064713051747,-0.184290179592232,0.754775565131564
"SU68",19.57,1.72,44.61,26.98,1.04,0.5,0,0,0.35,0.29,5.01,-0.214705500771576,-0.31753171162489,1.07830501364231,-1.19571511564937,-0.75828548992425,0.680971788358225,-0.4657403734291,0.360875355437971,-0.215053814608113,0.952133150090244
"SU69",2.9,0.08,64.03,26.11,1.24,0.29,0,0.04,0.15,0.35,4.92,-0.263271585345846,-0.196325064773533,0.816834162647901,-1.2932679009837,-0.844798017641917,0.771649306432499,-0.526874338067634,0.411129000202486,-0.24431178710299,1.14213320925765
"SU72",16.46,2.52,30.69,40.96,0,1.78,0,0.03,0.23,0.77,6.67,1.64713300258046,-3.38027270855622,3.64944877894897,-0.451148314832403,-0.145731793706803,0.0575514215577149,-0.0444301721000044,0.0181579421803587,-0.0147226568062551,-0.271646892180798
"SU73",13.33,3.74,34.23,39.07,0.13,0.68,0,0,0.09,2.8,6.08,0.7740312495945,-2.08971988941836,2.8670224009411,-0.435951629032204,-0.140219041318199,0.0561672186764777,-0.0427557029133361,0.0177679936468509,-0.0141974862022925,-0.264871964866534
"SU74",9.91,0.8,54.83,30.89,0,0.23,0,0,0.04,0.23,3.07,0.287672600136019,-1.29189564163082,2.2437994034215,-0.418000792108198,-0.133861004247798,0.0543437558024219,-0.0408198333863237,0.0172329587143553,-0.013581668285256,-0.255999422412783
"SU75",18.72,6.94,21.26,45.49,0.46,0,0.05,0.01,0.24,1.33,5.57,0.016808431396778,-0.798675998896693,1.74752949027308,-0.397399772926811,-0.126700370540056,0.0520935735290901,-0.038636034439674,0.0165565697988563,-0.0128795167617808,-0.24509778446933
"SU76",12.43,5.43,14.94,53.51,0.58,0.02,0,0,0.65,0.91,11.73,-0.133932869563758,-0.493762375612863,1.35253263906076,-0.374268031195038,-0.118785259795308,0.0494321706986551,-0.0362195154155022,0.0157435534741819,-0.0120959546340514,-0.232251350589588
"SU77",5.22,0.46,17.11,34.02,0.73,0.13,0,0,4.04,0.64,37.92,-0.217627067658601,-0.305258217134472,1.03836992073905,-0.348739831858409,-0.110168901705875,0.0463778988324364,-0.0335871187281443,0.0147995978412274,-0.0112364798907953,-0.217559553701521
"SU78",22.28,1.99,25.75,41.84,0.24,1.35,0,0,0.89,0.34,5.42,-0.263742426000128,-0.188715814996615,0.788785623363588,-0.320963472486753,-0.100909279828369,0.0429518367173752,-0.0307572030069792,0.0137313131132946,-0.0103071271213908,-0.201136195528756
"SU79",24.67,0.65,31.01,35.56,0,4.81,0,0,0.03,0.69,2.79,-0.288515640474333,-0.116655620032745,0.590865912649017,-0.291100428056234,-0.091068742963797,0.0391776459981156,-0.0277495155380082,0.0125461856881499,-0.00931442531976869,-0.183108569802279
